slug,name_en,name_bg,name_it,name_fr,name_de,main_group,sub_group,cuisine_origin,calories,proteins,carbs,fats,allergens,tags,shelf_life_days,is_liquid,price_per_100,units_mapping
adzuki-beans,Adzuki beans (dry),Боб адзуки,Fagioli azuki,Haricots azuki,Adzukibohnen,pulses_and_starches,pulses,european,329,19.9,62.9,0.5,,vegan;gluten-free,730,0,0.55,"[{""unit_id"":""gram"",""weight_grams"":1},{""unit_id"":""teacup"",""weight_grams"":200},{""unit_id"":""tablespoon"",""weight_grams"":15},{""unit_id"":""pack"",""weight_grams"":500}]"
agave-syrup,Agave syrup (Nectar),Сироп от агаве,Sciroppo d'agave,Sirop d'agave,Agavendicksaft,spices,ready_made_sauces,mediterranean,310,0.1,76.4,0.5,,vegan;gluten-free,730,1,0.9,"[{""unit_id"":""milliliter"",""weight_grams"":1},{""unit_id"":""drop"",""weight_grams"":1.4},{""unit_id"":""teaspoon"",""weight_grams"":7},{""unit_id"":""tablespoon"",""weight_grams"":21},{""unit_id"":""pack"",""weight_grams"":350}]"
agnolini,Agnolini,Аньолини,Agnolini,Agnolini,Agnolini,pasta_products,pasta,italian,285,11,45,6.5,gluten;eggs,,60,0,1.1,"[{""unit_id"":""gram"",""weight_grams"":1},{""unit_id"":""piece"",""weight_grams"":4},{""unit_id"":""pack"",""weight_grams"":250}]"
almond-milk,Almond milk,Бадемово мляко,Latte di mandorla,Lait d'amande,Mandelmilch,drinks,dairy_milk,global_fusion,24,0.6,3,1.1,nuts,vegan;gluten-free,365,1,0.24,"[{""unit_id"":""milliliter"",""weight_grams"":1},{""unit_id"":""tablespoon"",""weight_grams"":15},{""unit_id"":""teacup"",""weight_grams"":240},{""unit_id"":""pack"",""weight_grams"":1000}]"
almonds,Almonds,Бадеми (Цели),Mandorle,Amandes,Mandeln,nuts_and_seeds,nuts_and_seeds_nuts,european,579,21.2,21.6,49.9,nuts,vegan;keto,180,0,1.5,"[{""unit_id"":""teacup"",""weight_grams"":143},{""unit_id"":""tablespoon"",""weight_grams"":12},{""unit_id"":""gram"",""weight_grams"":1},{""unit_id"":""handful"",""weight_grams"":28}]"
anchovies,Anchovies (canned in oil),Аншоа,Acciughe sott’olio,Anchois à l'huile,Sardellen in Öl,seafood,seafood_fish,mediterranean,210,29,0,9.7,fish,keto;gluten-free,730,0,4.2,"[{""unit_id"":""gram"",""weight_grams"":1},{""unit_id"":""piece"",""weight_grams"":4},{""unit_id"":""pack"",""weight_grams"":500}]"
angostura-bitters,Angostura bitters,Ангостура битер (ароматни капки),Angostura bitter,Angostura bitters,Angosturabitter,drinks,juices,global_fusion,250,0,10,0,,vegan;keto;gluten-free,1825,1,9.5,"[{""unit_id"":""milliliter"",""weight_grams"":1},{""unit_id"":""pinch"",""weight_grams"":0.8},{""unit_id"":""drop"",""weight_grams"":0.05},{""unit_id"":""pack"",""weight_grams"":200}]"
aperol,Aperol,Аперол,Aperol,Aperol,Aperol,drinks,alcoholic_beverages,italian,150,0,24,0,,vegan;gluten-free,1095,1,1.9,"[{""unit_id"":""milliliter"",""weight_grams"":1},{""unit_id"":""drop"",""weight_grams"":1.05},{""unit_id"":""tablespoon"",""weight_grams"":31.5},{""unit_id"":""pack"",""weight_grams"":735}]"
apple,Apple,Ябълка,Mela,Pomme,Apfel,fruits,fruits_pomes,global_fusion,52,0.3,13.8,0.2,,vegan,30,0,0.2,"[{""unit_id"":""piece"",""weight_grams"":180},{""unit_id"":""teacup"",""weight_grams"":125},{""unit_id"":""kilogram"",""weight_grams"":1000},{""unit_id"":""gram"",""weight_grams"":1}]"
apple-cider-vinegar,Apple cider vinegar,Ябълков оцет,Aceto di mele,Vinaigre de cidre,Apfelessig,spices,flavorings,european,21,0,0,0.9,,vegan;keto,180,1,0.1,"[{""unit_id"":""teaspoon"",""weight_grams"":7},{""unit_id"":""tablespoon"",""weight_grams"":20},{""unit_id"":""teacup"",""weight_grams"":240},{""unit_id"":""milliliter"",""weight_grams"":1}]"
apple-juice,Apple juice (100%),Ябълков сок,Succo di mela,Jus de pomme,Apfelsaft,drinks,juices,global_fusion,46,0.1,11.3,0.1,,vegan;gluten-free,180,1,0.2,"[{""unit_id"":""milliliter"",""weight_grams"":1},{""unit_id"":""drop"",""weight_grams"":1},{""unit_id"":""teacup"",""weight_grams"":240},{""unit_id"":""pack"",""weight_grams"":1000}]"
apricot,Apricot,Кайсия,Albicocca,Abricot,Aprikose,fruits,fruits_stone,global_fusion,48,1.4,11.1,0.4,,vegan,5,0,0.35,"[{""unit_id"":""piece"",""weight_grams"":35},{""unit_id"":""teacup"",""weight_grams"":155},{""unit_id"":""kilogram"",""weight_grams"":1000},{""unit_id"":""gram"",""weight_grams"":1}]"
arborio-rice,Arborio rice,Ориз (арборио),Riso Arborio,Riz arborio,Arborio-Reis,grains,grains_rice,italian,356,6.6,79,0.5,,vegan;gluten-free,730,0,0.45,"[{""unit_id"":""gram"",""weight_grams"":1},{""unit_id"":""teacup"",""weight_grams"":200},{""unit_id"":""tablespoon"",""weight_grams"":15},{""unit_id"":""pack"",""weight_grams"":1000}]"
artichoke,Artichoke,Артишок,Carciofo,Artichaut,Artischocke,vegetables,vegetables_inflorescent,mediterranean,47,3.3,10.5,0.2,,vegan,7,0,1.5,"[{""unit_id"":""piece"",""weight_grams"":120},{""unit_id"":""gram"",""weight_grams"":1},{""unit_id"":""kilogram"",""weight_grams"":1000}]"
arugula,Arugula,Рукола,Rucola,Roquette,Rucola,vegetables,vegetables_leafy,mediterranean,25,2.6,3.7,0.7,,vegan;keto;gluten-free,5,0,1.2,"[{""unit_id"":""teacup"",""weight_grams"":20},{""unit_id"":""gram"",""weight_grams"":1}]"
asparagus,Asparagus,Аспержи,Asparagi,Asperges,Spargel,vegetables,vegetables_stem,western_european,20,2.2,3.9,0.1,,vegan;keto,5,0,1.2,"[{""unit_id"":""piece"",""weight_grams"":20},{""unit_id"":""teacup"",""weight_grams"":135},{""unit_id"":""gram"",""weight_grams"":1}]"
avocado,Avocado,Авокадо,Avocado,Avocat,Avocado,fruits,fruits_tropical,latin_american,160,2,8.5,14.7,,vegan;keto;superfood,5,0,1.5,"[{""unit_id"":""piece"",""weight_grams"":150},{""unit_id"":""teacup"",""weight_grams"":150},{""unit_id"":""kilogram"",""weight_grams"":1000},{""unit_id"":""gram"",""weight_grams"":1}]"
bacon,Bacon,Бекон,Pancetta affumicata / Bacon,Bacon / Lard fumé,Bacon / Frühstücksspeck,meat,meat_pork,global_fusion,541,37,1.4,42,,keto,14,0,1.5,"[{""unit_id"":""gram"",""weight_grams"":1},{""unit_id"":""kilogram"",""weight_grams"":1000},{""unit_id"":""piece"",""weight_grams"":15}]"
baileys-irish-cream,Irish cream (Baileys),Ирландски крем (Бейлис),Crema di whisky (Baileys),Crème de whisky (Baileys),Baileys Irish Cream,drinks,alcoholic_beverages,irish,327,3,25,13,milk,gluten-free,730,1,2.2,"[{""unit_id"":""milliliter"",""weight_grams"":1},{""unit_id"":""drop"",""weight_grams"":1.06},{""unit_id"":""tablespoon"",""weight_grams"":31.8},{""unit_id"":""pack"",""weight_grams"":742}]"
bakers-ammonia,Baker's ammonia (Ammonium bicarbonate),Амонячна сода,Ammoniaca per dolci,Bicarbonate d’ammonium,Hirschhornsalz,spices,spices_basic,global_fusion,0,0,0,0,,vegan;keto;gluten-free,730,0,1.2,"[{""unit_id"":""gram"",""weight_grams"":1},{""unit_id"":""teaspoon"",""weight_grams"":4},{""unit_id"":""tablespoon"",""weight_grams"":12},{""unit_id"":""pack"",""weight_grams"":10}]"
baking-powder,Baking powder,Бакпулвер,Lievito in polvere,Levure chimique,Backpulver,grains,grains_flour,global_fusion,53,0.1,27.7,0,,vegan;vegetarian;gluten-free,730,0,1.5,"[{""unit_id"":""gram"",""weight_grams"":1},{""unit_id"":""tip_knife"",""weight_grams"":0.5},{""unit_id"":""teaspoon"",""weight_grams"":4},{""unit_id"":""tablespoon"",""weight_grams"":12},{""unit_id"":""pack"",""weight_grams"":10}]"
baking-soda,Baking soda,Сода за хляб,Bicarbonato di sodio,Bicarbonate de soude,Natron,spices,flavorings,global_fusion,0,0,0,0,,vegan;keto;gluten-free,360,0,0.5,"[{""unit_id"":""teaspoon"",""weight_grams"":5},{""unit_id"":""tablespoon"",""weight_grams"":15},{""unit_id"":""gram"",""weight_grams"":1}]"
balsamic-vinegar,Balsamic vinegar,Балсамов оцет,Aceto balsamico,Vinaigre balsamique,Balsamessig,spices,flavorings,italian,88,0.5,0,17,,vegan;gluten-free,180,1,0.6,"[{""unit_id"":""tablespoon"",""weight_grams"":16},{""unit_id"":""teaspoon"",""weight_grams"":5},{""unit_id"":""milliliter"",""weight_grams"":1}]"
banana,Banana,Банан,Banana,Banane,Banane,fruits,fruits_tropical,mediterranean,89,1.1,22.8,0.3,,vegan,7,0,0.2,"[{""unit_id"":""piece"",""weight_grams"":120},{""unit_id"":""teacup"",""weight_grams"":150},{""unit_id"":""kilogram"",""weight_grams"":1000},{""unit_id"":""gram"",""weight_grams"":1}]"
bananas,Bananas,Банани,Banane,Bananes,Bananen,fruits,fruits_tropical,global_fusion,89,1.1,22.8,0.3,,vegan;gluten-free,7,0,0.18,"[{""unit_id"":""gram"",""weight_grams"":1},{""unit_id"":""piece"",""weight_grams"":120},{""unit_id"":""teacup"",""weight_grams"":150}]"
barley,Barley (Pearl),Ечемик,Orzo perlato,Orge perlé,Gerste / Graupen,grains,grains_whole,bulgarian,354,12.5,73.5,2.3,gluten,vegan,540,0,0.22,"[{""unit_id"":""gram"",""weight_grams"":1},{""unit_id"":""teacup"",""weight_grams"":200},{""unit_id"":""tablespoon"",""weight_grams"":15},{""unit_id"":""pack"",""weight_grams"":500}]"
basil,Basil,Босилек (пресен),Basilico fresco,Basilic frais,Frisches Basilikum,spices,spices_herbs,mediterranean,23,3.2,2.7,0.6,,vegan;keto,7,0,3,"[{""unit_id"":""tablespoon"",""weight_grams"":2},{""unit_id"":""bunch"",""weight_grams"":24},{""unit_id"":""gram"",""weight_grams"":1}]"
basmati-rice,Basmati rice,Ориз (басмати),Riso Basmati,Riz basmati,Basmatireis,grains,grains_rice,asian,355,7,78,0.8,,vegan;gluten-free,730,0,0.4,"[{""unit_id"":""gram"",""weight_grams"":1},{""unit_id"":""teacup"",""weight_grams"":195},{""unit_id"":""tablespoon"",""weight_grams"":15},{""unit_id"":""pack"",""weight_grams"":1000}]"
bay-leaf,Bay leaf,Дафинов лист,Alloro (foglie secche),Feuille de laurier,Lorbeerblatt,spices,spices_herbs,asian,313,7.6,8.4,75,,vegan;keto;gluten-free,180,0,2,"[{""unit_id"":""gram"",""weight_grams"":1},{""unit_id"":""tablespoon"",""weight_grams"":2},{""unit_id"":""piece"",""weight_grams"":0.2}]"
beans,Beans,Фасул,Fagioli,Haricots,Bohnen,vegetables,vegetables_legumes,global_fusion,127,8.7,22.8,0.5,,vegan;high-protein,365,0,0.2,"[{""unit_id"":""teacup"",""weight_grams"":190},{""unit_id"":""gram"",""weight_grams"":1},{""unit_id"":""kilogram"",""weight_grams"":1000}]"
beef-broth-liquid,Beef broth (liquid),Говежди бульон (течен),Brodo di manzo,Bouillon de bœuf,Rinderbrühe,spices,broths_and_bases,european,7,1.1,0.1,0.4,,keto;gluten-free,10,1,0.2,"[{""unit_id"":""milliliter"",""weight_grams"":1},{""unit_id"":""teacup"",""weight_grams"":240}]"
beef-liver,Beef Liver,Телешки черен дроб,Fegato di vitello / manzo,Foie de bœuf / veau,Rinderleber,meat,meat_beef,balkan,135,20.4,3.9,3.6,,keto;superfood,2,0,0.6,"[{""unit_id"":""piece"",""weight_grams"":150},{""unit_id"":""gram"",""weight_grams"":1}]"
beef-steak,Beef Steak,Телешки стек,Bistecca di manzo,Steak de bœuf,Rindersteak,meat,meat_beef,global_fusion,250,26,0,15,,keto;superfood,5,0,2.5,"[{""unit_id"":""piece"",""weight_grams"":300},{""unit_id"":""gram"",""weight_grams"":1},{""unit_id"":""kilogram"",""weight_grams"":1000}]"
beer,Beer,Бира,Birra,Bière,Bier,drinks,alcoholic_beverages,european,43,0.5,0,3.6,,vegan,30,1,0.25,"[{""unit_id"":""milliliter"",""weight_grams"":1},{""unit_id"":""liter"",""weight_grams"":1000},{""unit_id"":""teacup"",""weight_grams"":240}]"
beetroot,Beetroot,Цвекло,Barbabietola,Betterave,Rote Bete,vegetables,vegetables_root,global_fusion,43,1.6,9.6,0.2,,vegan,21,0,0.15,"[{""unit_id"":""teacup"",""weight_grams"":170},{""unit_id"":""piece"",""weight_grams"":200},{""unit_id"":""gram"",""weight_grams"":1},{""unit_id"":""kilogram"",""weight_grams"":1000}]"
bell-pepper,Bell Pepper,Чушки,Peperoni,Poivrons,Paprika,vegetables,vegetables_fruit,global_fusion,20,0.9,4.6,0.2,,vegan,10,0,0.4,"[{""unit_id"":""teacup"",""weight_grams"":100},{""unit_id"":""piece"",""weight_grams"":140},{""unit_id"":""gram"",""weight_grams"":1},{""unit_id"":""kilogram"",""weight_grams"":1000}]"
black-beans,Black beans (dry),Боб черен,Fagioli neri,Haricots noirs,Schwarze Bohnen,pulses_and_starches,pulses,mexican,341,21.6,62.4,1.4,,vegan;gluten-free,730,0,0.4,"[{""unit_id"":""gram"",""weight_grams"":1},{""unit_id"":""teacup"",""weight_grams"":200},{""unit_id"":""tablespoon"",""weight_grams"":15},{""unit_id"":""pack"",""weight_grams"":500}]"
black-olives,Black olives,Маслини (черни),Olive nere,Olives noires,Schwarze Oliven,vegetables,canned_vegetables,mediterranean,115,0.8,10.9,6,,vegan;keto;gluten-free,30,0,0.65,"[{""unit_id"":""piece"",""weight_grams"":7},{""unit_id"":""tablespoon"",""weight_grams"":12},{""unit_id"":""teacup"",""weight_grams"":134},{""unit_id"":""gram"",""weight_grams"":1}]"
black-pepper,Black Pepper,Черен пипер,Pepe nero,Poivre noir,Schwarzer Pfeffer,spices,spices_basic,asian,251,10.4,64,3.3,,vegan;keto,730,0,2,"[{""unit_id"":""teaspoon"",""weight_grams"":2},{""unit_id"":""tablespoon"",""weight_grams"":6},{""unit_id"":""gram"",""weight_grams"":1},{""unit_id"":""pinch"",""weight_grams"":0.2}]"
black-tea,Black tea (brewed),Чай черен,Tè nero,Thé noir,Schwarztee,drinks,hot_drinks,british,1,0,0.3,0,,vegan;keto;gluten-free,1,1,0.15,"[{""unit_id"":""milliliter"",""weight_grams"":1},{""unit_id"":""drop"",""weight_grams"":1},{""unit_id"":""portion"",""weight_grams"":200},{""unit_id"":""teacup"",""weight_grams"":240}]"
blue-cheese,Blue Cheese,Синьо сирене,Formaggio erborinato (Blue),Fromage bleu,Blauschimmelkäse,dairy,dairy_cheese,french,353,21.4,2.3,28.7,dairy,vegan;keto,21,0,1.5,"[{""unit_id"":""tablespoon"",""weight_grams"":8},{""unit_id"":""teacup"",""weight_grams"":135},{""unit_id"":""gram"",""weight_grams"":1}]"
blueberry,Blueberry,Боровинки,Mirtillo,Myrtille,Heidelbeere,fruits,fruits_berries,global_fusion,57,0.7,14.5,0.3,,vegan;superfood,7,0,1.2,"[{""unit_id"":""teacup"",""weight_grams"":148},{""unit_id"":""handful"",""weight_grams"":35},{""unit_id"":""gram"",""weight_grams"":1}]"
brandy-cognac,Brandy / Cognac,Бренди / коняк,Brandy / Cognac,Cognac / Brandy,Weinbrand / Cognac,drinks,alcoholic_beverages,french,239,0,1.5,0,,vegan;keto;gluten-free,1825,1,2.6,"[{""unit_id"":""milliliter"",""weight_grams"":1},{""unit_id"":""drop"",""weight_grams"":0.95},{""unit_id"":""tablespoon"",""weight_grams"":28.5},{""unit_id"":""pack"",""weight_grams"":665}]"
brazil-nut,Brazil Nut,Бразилски орех,Noce del Brasile,Noix du Brésil,Paranuss,nuts_and_seeds,nuts_and_seeds_nuts,latin_american,659,14.3,12.3,67.1,nuts,vegan;keto,180,0,2.5,"[{""unit_id"":""piece"",""weight_grams"":5},{""unit_id"":""teacup"",""weight_grams"":140},{""unit_id"":""tablespoon"",""weight_grams"":13},{""unit_id"":""gram"",""weight_grams"":1}]"
bread,Bread,Хляб,Pane,Pain,Brot,grains,grains_baked,global_fusion,265,9,49,3.2,gluten,vegan,5,0,0.3,"[{""unit_id"":""slice"",""weight_grams"":35},{""unit_id"":""gram"",""weight_grams"":1},{""unit_id"":""kilogram"",""weight_grams"":1000}]"
bread-dumplings,Bread dumplings,Кнедли (хлебни),Canederli di pane (Knödel),Knödel de pain,Semmelknödel,pasta_products,pasta,european,190,6.2,35.4,2.3,gluten;eggs;milk,,14,0,0.7,"[{""unit_id"":""gram"",""weight_grams"":1},{""unit_id"":""piece"",""weight_grams"":50},{""unit_id"":""pack"",""weight_grams"":400}]"
broccoli,Broccoli,Броколи,Broccoli,Brocoli,Brokkoli,vegetables,vegetables_inflorescent,global_fusion,34,2.8,6.6,0.4,,vegan,7,0,0.35,"[{""unit_id"":""teacup"",""weight_grams"":90},{""unit_id"":""piece"",""weight_grams"":300},{""unit_id"":""kilogram"",""weight_grams"":1000},{""unit_id"":""gram"",""weight_grams"":1}]"
brown-sugar,Brown sugar,Кафява захар,Zucchero di canna,Sucre roux,Brauner Zucker,spices,flavorings,european,380,0.1,98,0,,vegan;gluten-free,730,0,0.25,"[{""unit_id"":""gram"",""weight_grams"":1},{""unit_id"":""teaspoon"",""weight_grams"":4},{""unit_id"":""tablespoon"",""weight_grams"":12},{""unit_id"":""teacup"",""weight_grams"":200},{""unit_id"":""pack"",""weight_grams"":500}]"
brussels-sprouts,Brussels Sprouts,Брюкселско зеле,Cavoletti di Bruxelles,Choux de Bruxelles,Rosenkohl,vegetables,vegetables_leafy,european,43,3.4,9,0.3,,vegan;keto,10,0,0.45,"[{""unit_id"":""piece"",""weight_grams"":20},{""unit_id"":""teacup"",""weight_grams"":88},{""unit_id"":""gram"",""weight_grams"":1},{""unit_id"":""kilogram"",""weight_grams"":1000}]"
bucatini,Bucatini,Букатини,Bucatini,Bucatini,Bucatini,pasta_products,pasta,italian,358,12,1.5,73,gluten,vegan,120,0,0.6,"[{""unit_id"":""piece"",""weight_grams"":500},{""unit_id"":""gram"",""weight_grams"":1}]"
buckwheat,Buckwheat,Елда,Grano saraceno,Sarrasin,Buchweizen,grains,grains_seeds,eastern_european,343,13.3,71.5,3.4,,vegan;gluten-free,365,0,0.4,"[{""unit_id"":""teacup"",""weight_grams"":170},{""unit_id"":""gram"",""weight_grams"":1},{""unit_id"":""kilogram"",""weight_grams"":1000}]"
bulgur,Bulgur,Булгур,Bulgur,Boulghour,Bulgur,grains,grains_whole,middle_eastern,342,12.3,76,1.3,gluten,vegan,365,0,0.25,"[{""unit_id"":""teacup"",""weight_grams"":180},{""unit_id"":""gram"",""weight_grams"":1}]"
butter,Butter,Краве масло,Burro,Beurre,Butter,fats,fats_animal,global_fusion,717,0.9,81.1,0.1,milk,keto;gluten-free,60,0,0.8,"[{""unit_id"":""tablespoon"",""weight_grams"":14},{""unit_id"":""teacup"",""weight_grams"":5},{""unit_id"":""piece"",""weight_grams"":125},{""unit_id"":""gram"",""weight_grams"":1},{""unit_id"":""teacup"",""weight_grams"":227}]"
cabbage,Cabbage,Зеле,Cavolo cappuccio,Chou blanc,Weißkohl,vegetables,vegetables_leafy,european,25,1.3,5.8,0.1,,vegan;keto,14,0,0.1,"[{""unit_id"":""piece"",""weight_grams"":1500},{""unit_id"":""teacup"",""weight_grams"":90},{""unit_id"":""kilogram"",""weight_grams"":1000},{""unit_id"":""gram"",""weight_grams"":1}]"
campari,Campari,Кампари,Campari,Campari,Campari,drinks,alcoholic_beverages,italian,240,0,24,0,,vegan;gluten-free,1825,1,2.3,"[{""unit_id"":""milliliter"",""weight_grams"":1},{""unit_id"":""drop"",""weight_grams"":1.04},{""unit_id"":""tablespoon"",""weight_grams"":31.2},{""unit_id"":""pack"",""weight_grams"":728}]"
cannelloni,Cannelloni,Канелони (големи тръби за пълнене),Cannelloni,Cannelloni,Cannelloni,pasta_products,pasta,italian,358,12,73,1.5,gluten,vegan,730,0,0.45,"[{""unit_id"":""gram"",""weight_grams"":1},{""unit_id"":""piece"",""weight_grams"":20},{""unit_id"":""portion"",""weight_grams"":80},{""unit_id"":""pack"",""weight_grams"":250}]"
capellini-angel-hair,Capellini (Angel hair),Капелини (коса на ангел),Capellini (capelli d’angelo),Capellini (cheveux d’ange),Capellini (Engelshaarpasta),pasta_products,pasta,italian,358,12,1.5,73,gluten,vegan,120,0,0.6,"[{""unit_id"":""portion"",""weight_grams"":185},{""unit_id"":""pack"",""weight_grams"":500},{""unit_id"":""gram"",""weight_grams"":1}]"
capers,Capers,Каперси,Capperi sott’aceto,Câpres,Kapern,spices,spices_canned,european,23,2.4,0.9,4.9,,vegan;keto;gluten-free,0,0,0,"[{""unit_id"":""teaspoon"",""weight_grams"":5},{""unit_id"":""tablespoon"",""weight_grams"":15},{""unit_id"":""teacup"",""weight_grams"":140},{""unit_id"":""gram"",""weight_grams"":1}]"
caramel-syrup,Caramel syrup,Карамелен сироп,Sciroppo al caramello,Sirop de caramel,Karamellsirup,spices,flavorings,global_fusion,265,0,66,0,,vegan;gluten-free,365,1,1.1,"[{""unit_id"":""milliliter"",""weight_grams"":1},{""unit_id"":""drop"",""weight_grams"":1.3},{""unit_id"":""teaspoon"",""weight_grams"":6.5},{""unit_id"":""tablespoon"",""weight_grams"":20},{""unit_id"":""pack"",""weight_grams"":700}]"
carbonated-water,Carbonated water (soda),Газирана вода (сода),Acqua gassata (soda),Eau gazeuse,Mineralwasser mit Kohlensäure,drinks,carbonated,global_fusion,0,0,0,0,,vegan;keto;gluten-free,360,1,0.08,"[{""unit_id"":""milliliter"",""weight_grams"":1},{""unit_id"":""tablespoon"",""weight_grams"":15},{""unit_id"":""teacup"",""weight_grams"":200}]"
cardamom,Cardamom,Кардамон (млян),Cardamomo,Cardamome,Kardamom,spices,flavorings,asian,311,10.8,68.5,6.7,,vegan,730,0,6,"[{""unit_id"":""teaspoon"",""weight_grams"":2},{""unit_id"":""tablespoon"",""weight_grams"":6},{""unit_id"":""gram"",""weight_grams"":1}]"
carrot,Carrot,Моркови,Carota,Carotte,Karotte,vegetables,vegetables_root,global_fusion,41,0.9,9.6,0.2,,vegan,20,0,0.15,"[{""unit_id"":""piece"",""weight_grams"":60},{""unit_id"":""teacup"",""weight_grams"":110},{""unit_id"":""gram"",""weight_grams"":1}]"
cashews,Cashews,Кашу,Anacardi,Noix de cajou,Cashewkerne,nuts_and_seeds,nuts_and_seeds_nuts,european,553,18.2,30.2,43.8,nuts,vegan,180,0,2,"[{""unit_id"":""teacup"",""weight_grams"":130},{""unit_id"":""gram"",""weight_grams"":1},{""unit_id"":""tablespoon"",""weight_grams"":11},{""unit_id"":""handful"",""weight_grams"":28}]"
cauliflower,Cauliflower,Карфиол,Cavolfiore,Chou-fleur,Blumenkohl,vegetables,vegetables_inflorescent,global_fusion,25,1.9,5,0.3,,vegan;keto,7,0,0.3,"[{""unit_id"":""piece"",""weight_grams"":700},{""unit_id"":""teacup"",""weight_grams"":100},{""unit_id"":""kilogram"",""weight_grams"":1000},{""unit_id"":""gram"",""weight_grams"":1}]"
caviar,Caviar,Хайвер,Caviale,Caviar,Kaviar,seafood,seafood_fish,mediterranean,264,24.6,4,17.9,fish,keto;delicacy,14,0,20,"[{""unit_id"":""gram"",""weight_grams"":1}]"
celery,Celery,Целина (керевиз),Sedano / Sedano rapa,Céleri / Céleri-rave,Sellerie,vegetables,vegetables_stem,european,16,0.7,3,0.2,,vegan;keto,10,0,0.4,"[{""unit_id"":""piece"",""weight_grams"":400},{""unit_id"":""teacup"",""weight_grams"":100},{""unit_id"":""kilogram"",""weight_grams"":1000},{""unit_id"":""gram"",""weight_grams"":1},{""unit_id"":""bunch"",""weight_grams"":80},{""unit_id"":""sprig"",""weight_grams"":25}]"
cheddar,Cheddar,Чедър,Cheddar,Cheddar,Cheddar,dairy,dairy_cheese,british,403,25,1.3,33,dairy,vegan;keto,30,0,1.5,"[{""unit_id"":""teacup"",""weight_grams"":132},{""unit_id"":""gram"",""weight_grams"":1},{""unit_id"":""kilogram"",""weight_grams"":1000}]"
cherries,Cherries,Череши,Ciliegie,Cerises,Kirschen,fruits,fruits_stone,european,50,1,12,0.3,,vegan,5,0,0.6,"[{""unit_id"":""teacup"",""weight_grams"":138},{""unit_id"":""handful"",""weight_grams"":50},{""unit_id"":""gram"",""weight_grams"":1},{""unit_id"":""kilogram"",""weight_grams"":1000}]"
cherry-tomatoes,Cherry tomatoes,Чери домати,Pomodorini ciliegino,Tomates cerises,Kirschtomaten,vegetables,vegetables_fruit,global_fusion,18,0.9,3.9,0.2,,vegan;gluten-free,7,0,0.5,"[{""unit_id"":""piece"",""weight_grams"":25},{""unit_id"":""teacup"",""weight_grams"":150},{""unit_id"":""gram"",""weight_grams"":1}]"
chia-seeds,Chia Seeds,Чиа семена,Semi di chia,Graines de chia,Chiasamen,nuts_and_seeds,nuts_and_seeds_seeds,european,486,16.5,42.1,30.7,,vegan;keto;superfood,365,0,1.5,"[{""unit_id"":""tablespoon"",""weight_grams"":14},{""unit_id"":""teacup"",""weight_grams"":160},{""unit_id"":""milliliter"",""weight_grams"":1}]"
chicken-breast,Chicken Breast,Пилешко филе,Petto di pollo,Blanc de poulet,Hähnchenbrust,meat,meat_poultry,european,165,31,0,3.6,,keto;high-protein,5,0,0.8,"[{""unit_id"":""kilogram"",""weight_grams"":1000},{""unit_id"":""gram"",""weight_grams"":1},{""unit_id"":""piece"",""weight_grams"":230}]"
chicken-broth-liquid,Chicken broth (liquid),Пилешки бульон (течен),Brodo di pollo,Bouillon de poulet,Hühnerbrühe,spices,broths_and_bases,european,7,0.8,0.2,0.5,,keto;gluten-free,10,1,0.2,"[{""unit_id"":""milliliter"",""weight_grams"":1},{""unit_id"":""teacup"",""weight_grams"":240}]"
chicken-meat,Chicken meat,Пилешко месо,Carne di pollo,Viande de poulet,Hühnerfleisch,meat,meat_poultry,european,165,31,0,3.6,,keto;high-protein,5,0,0.5,"[{""unit_id"":""kilogram"",""weight_grams"":1000},{""unit_id"":""piece"",""weight_grams"":1600},{""unit_id"":""gram"",""weight_grams"":1}]"
chickpeas,Chickpeas,Нахут,Ceci,Pois chiches,Kichererbsen,vegetables,vegetables_legumes,middle_eastern,164,8.9,27.4,2.6,,vegan;high-protein,365,0,0.25,"[{""unit_id"":""teacup"",""weight_grams"":190},{""unit_id"":""gram"",""weight_grams"":1},{""unit_id"":""kilogram"",""weight_grams"":1000}]"
chocolate,Dark chocolate,Шоколад тъмен,Cioccolato fondente,Chocolat noir,Zartbitterschokolade,other,other,global_fusion,546,4.9,60.5,31.3,milk;soy,vegetarian;gluten-free,365,0,2.2,"[{""unit_id"":""gram"",""weight_grams"":1},{""unit_id"":""nest"",""weight_grams"":10},{""unit_id"":""pack"",""weight_grams"":100}]"
chocolate-spread,Chocolate spread / Hazelnut cocoa spread,Течен шоколад,Crema spalmabile al cioccolato,Pâte à tartiner au chocolat,Schokoaufstrich,other,other,european,539,6.3,57.5,30.9,milk;soy;nuts,vegetarian;gluten-free,365,0,1.8,"[{""unit_id"":""gram"",""weight_grams"":1},{""unit_id"":""teaspoon"",""weight_grams"":10},{""unit_id"":""tablespoon"",""weight_grams"":25},{""unit_id"":""pack"",""weight_grams"":400}]"
chorizo,Chorizo,Чоризо,Chorizo,Chorizo,Chorizo,meat,meat_delicacies,spanish,455,24,1.9,38,,keto,30,0,2,"[{""unit_id"":""gram"",""weight_grams"":1},{""unit_id"":""kilogram"",""weight_grams"":1000},{""unit_id"":""slice"",""weight_grams"":6}]"
cinnamon,Cinnamon,Канела,Cannella,Cannelle,Zimt,spices,spices_ground,asian,247,4,80.6,1.2,,vegan;keto,730,0,2.5,"[{""unit_id"":""tip_knife"",""weight_grams"":3},{""unit_id"":""tablespoon"",""weight_grams"":8},{""unit_id"":""gram"",""weight_grams"":1},{""unit_id"":""piece"",""weight_grams"":4}]"
cinnamon-sticks,Cinnamon sticks,Канела (на пръчки),Cannella in stecche,Bâtons de cannelle,Zimtstangen,spices,flavorings,asian,247,4,80.6,1.2,,vegan;keto;gluten-free,1095,0,3.2,"[{""unit_id"":""gram"",""weight_grams"":1},{""unit_id"":""piece"",""weight_grams"":4},{""unit_id"":""pack"",""weight_grams"":50}]"
cloves,Cloves,Карамфил (млян),Chiodi di garofano,Clous de girofle,Gewürznelken,spices,spices_basic,asian,274,6,65.5,13,,vegan,730,0,4,"[{""unit_id"":""teaspoon"",""weight_grams"":2},{""unit_id"":""tablespoon"",""weight_grams"":6},{""unit_id"":""gram"",""weight_grams"":1}]"
coarse-salt,Coarse salt (Rim salt),Едра сол,Sale grosso,Gros sel,Grobes Salz,spices,flavorings,global_fusion,0,0,0,0,,vegan;keto;gluten-free,1825,0,0.1,"[{""unit_id"":""gram"",""weight_grams"":1},{""unit_id"":""piece"",""weight_grams"":1},{""unit_id"":""teaspoon"",""weight_grams"":5},{""unit_id"":""tablespoon"",""weight_grams"":15},{""unit_id"":""pack"",""weight_grams"":1000}]"
cocoa-powder,Cocoa powder,Какао,Cacao amaro in polvere,Poudre de cacao,Kakaopulver,other,other,european,228,19.6,13.7,13.7,,vegan;keto;gluten-free,730,0,1.4,"[{""unit_id"":""gram"",""weight_grams"":1},{""unit_id"":""teaspoon"",""weight_grams"":3},{""unit_id"":""tablespoon"",""weight_grams"":10},{""unit_id"":""pack"",""weight_grams"":100}]"
coconut-milk-drink,Coconut milk drink,Кокосово мляко,Bevanda al latte di cocco,Boisson au lait de coco,Kokosmilchgetränk,drinks,juices,european,30,0.2,2.7,2,,vegan;keto;gluten-free,365,1,0.25,"[{""unit_id"":""milliliter"",""weight_grams"":1},{""unit_id"":""tablespoon"",""weight_grams"":15},{""unit_id"":""teacup"",""weight_grams"":240},{""unit_id"":""pack"",""weight_grams"":1000}]"
coconut-oil,Coconut Oil,Кокосово масло,Olio di cocco,Huile de coco,Kokosöl,fats,fats_plant,tropical,862,0,0,100,,vegan;keto,730,0,1.5,"[{""unit_id"":""tablespoon"",""weight_grams"":14},{""unit_id"":""teacup"",""weight_grams"":216},{""unit_id"":""gram"",""weight_grams"":1}]"
cod,Cod,Треска,Merluzzo,Cabillaud / Morue,Kabeljau,seafood,seafood_fish,global_fusion,82,18,0,0.7,fish,keto,3,0,1.5,"[{""unit_id"":""piece"",""weight_grams"":200},{""unit_id"":""gram"",""weight_grams"":1}]"
conchiglie,Conchiglie,Конкили (миди),Conchiglie,Conchiglie,Conchiglie,pasta_products,pasta,italian,358,12,73,1.5,gluten,vegan,730,0,0.38,"[{""unit_id"":""gram"",""weight_grams"":1},{""unit_id"":""portion"",""weight_grams"":85},{""unit_id"":""teacup"",""weight_grams"":85},{""unit_id"":""pack"",""weight_grams"":500}]"
coriander,Coriander,Кориандър (млян),Coriandolo,Coriandre,Koriander,spices,flavorings,asian,23,2.1,3.7,0.5,,vegan;keto,7,0,1.2,"[{""unit_id"":""teaspoon"",""weight_grams"":2},{""unit_id"":""tablespoon"",""weight_grams"":6},{""unit_id"":""gram"",""weight_grams"":1}]"
corn-grits,Corn grits (Polenta),Царевичен грис,Semola di mais (grits),Gruau de maïs,Maisgrieß,grains,grains_flour,bulgarian,362,8.1,77,1.2,,vegan;gluten-free,365,0,0.2,"[{""unit_id"":""gram"",""weight_grams"":1},{""unit_id"":""teacup"",""weight_grams"":160},{""unit_id"":""tablespoon"",""weight_grams"":12},{""unit_id"":""pack"",""weight_grams"":500}]"
cornmeal,Cornmeal,Царевично брашно,Farina di mais,Farine de maïs,Maismehl,grains,grains_flour,latin_american,362,8.1,77,3.6,,vegan;gluten-free,365,0,0.15,"[{""unit_id"":""teacup"",""weight_grams"":150},{""unit_id"":""gram"",""weight_grams"":1},{""unit_id"":""kilogram"",""weight_grams"":1000}]"
cornstarch,Cornstarch,Царевично нишесте,Amido di mais,Fécule de maïs (Maïzena),Maisstärke,pulses_and_starches,starch,global_fusion,381,0.3,91.3,0.1,,vegan;gluten-free,730,0,0.35,"[{""unit_id"":""gram"",""weight_grams"":1},{""unit_id"":""teaspoon"",""weight_grams"":3},{""unit_id"":""tablespoon"",""weight_grams"":8},{""unit_id"":""teacup"",""weight_grams"":120},{""unit_id"":""pack"",""weight_grams"":200}]"
cottage-cheese,Cottage cheese / Quark,Извара,Fiocchi di latte / Quark,Fromage blanc / Cottage cheese,Hüttenkäse / Quark,dairy,dairy_cheese,bulgarian,98,11.1,3.4,4.3,milk,vegetarian;gluten-free;high-protein;low-fat,14,0,0.3,"[{""unit_id"":""gram"",""weight_grams"":1},{""unit_id"":""teacup"",""weight_grams"":10},{""unit_id"":""tablespoon"",""weight_grams"":25},{""unit_id"":""teacup"",""weight_grams"":220},{""unit_id"":""pack"",""weight_grams"":400},{""unit_id"":""kilogram"",""weight_grams"":1000}]"
couscous,Couscous,Кускус,Couscous,Couscous,Couscous,grains,grains_seeds,global_fusion,112,3.8,23.2,0.2,gluten,vegan,365,0,0.3,"[{""unit_id"":""teacup"",""weight_grams"":157},{""unit_id"":""gram"",""weight_grams"":1}]"
cranberry-juice,Cranberry juice drink,Сок от червена боровинка,Succo di mirtillo rosso,Jus de canneberge,Cranberrysaft,drinks,juices,european,46,0.1,11.6,0.1,,vegan;gluten-free,180,1,0.28,"[{""unit_id"":""milliliter"",""weight_grams"":1},{""unit_id"":""drop"",""weight_grams"":1},{""unit_id"":""teacup"",""weight_grams"":240},{""unit_id"":""pack"",""weight_grams"":1000}]"
cream-cheese,Cream Cheese,Крема сирене,Formaggio spalmabile,Fromage à la crème,Frischkäse,dairy,dairy_cheese,american,342,6,4.1,34,dairy,vegan;keto,20,0,0.8,"[{""unit_id"":""teacup"",""weight_grams"":230},{""unit_id"":""tablespoon"",""weight_grams"":14},{""unit_id"":""gram"",""weight_grams"":1}]"
crushed-ice,Crushed ice,Натрошен лед (crushed ice),Ghiaccio tritato,Glace pilée,Crushed Ice,other,other,global_fusion,0,0,0,0,,vegan;keto;gluten-free,365,0,0.05,"[{""unit_id"":""gram"",""weight_grams"":1},{""unit_id"":""handful"",""weight_grams"":80},{""unit_id"":""teacup"",""weight_grams"":140},{""unit_id"":""pack"",""weight_grams"":1000}]"
cucumber,Cucumber,Краставица,Cetriolo,Concombre,Gurke,vegetables,vegetables_fruit,global_fusion,15,0.6,3.6,0.1,,vegan;keto,7,0,0.2,"[{""unit_id"":""piece"",""weight_grams"":250},{""unit_id"":""teacup"",""weight_grams"":130},{""unit_id"":""kilogram"",""weight_grams"":1000},{""unit_id"":""gram"",""weight_grams"":1},{""unit_id"":""slice"",""weight_grams"":10}]"
cumin,Cumin,Кимион,Cumino,Cumin,Kreuzkümmel,spices,flavorings,asian,375,17.8,44.2,22.3,,vegan;keto,730,0,1.5,"[{""unit_id"":""teaspoon"",""weight_grams"":2},{""unit_id"":""tablespoon"",""weight_grams"":7},{""unit_id"":""gram"",""weight_grams"":1}]"
dark-rum,Dark rum,Тъмен ром,Rum scuro,Rhum ambré / brun,Dunkler Rum,drinks,alcoholic_beverages,latin_american,240,0,0.5,0,,vegan;keto;gluten-free,1825,1,2.1,"[{""unit_id"":""milliliter"",""weight_grams"":1},{""unit_id"":""drop"",""weight_grams"":0.95},{""unit_id"":""tablespoon"",""weight_grams"":28.5},{""unit_id"":""pack"",""weight_grams"":665}]"
date,Date,Фурма,Dattero,Datte,Dattel,fruits,fruits_tropical,middle_eastern,282,2.5,75,0.4,,vegan;vegetarian,180,0,1,"[{""unit_id"":""piece"",""weight_grams"":24},{""unit_id"":""teacup"",""weight_grams"":147}]"
dijon-mustard,Dijon mustard,Дижонска горчица,Senape di Digione,Moutarde de Dijon,Dijon-Senf,spices,ready_made_sauces,european,150,7,11,6,,vegan;keto,180,0,0.8,"[{""unit_id"":""teaspoon"",""weight_grams"":5},{""unit_id"":""tablespoon"",""weight_grams"":16},{""unit_id"":""gram"",""weight_grams"":1}]"
dill,Dill,Копър (пресен),Aneto fresco,Aneth frais,Frischer Dill,spices,spices_herbs,eastern_european,43,3.5,7,1.1,,vegan;keto,7,0,1.5,"[{""unit_id"":""tablespoon"",""weight_grams"":3},{""unit_id"":""sprig"",""weight_grams"":35},{""unit_id"":""bunch"",""weight_grams"":100},{""unit_id"":""gram"",""weight_grams"":1}]"
dried-spearmint,Dried spearmint,Джоджен (сух),Menta essiccata (spearmint),Menthe séchée,Getrocknete Minze,spices,spices_herbs,european,285,19.9,6,52,,vegan;keto;gluten-free,180,0,20,"[{""unit_id"":""teaspoon"",""weight_grams"":1},{""unit_id"":""tablespoon"",""weight_grams"":3},{""unit_id"":""gram"",""weight_grams"":1}]"
dry-vermouth,Dry vermouth,Сух вермут,Vermouth dry,Vermouth sec,Trockener Wermut,drinks,alcoholic_beverages,italian,118,0.1,2.7,0,,vegan;keto;gluten-free,180,1,1.1,"[{""unit_id"":""milliliter"",""weight_grams"":1},{""unit_id"":""drop"",""weight_grams"":0.99},{""unit_id"":""tablespoon"",""weight_grams"":29.7},{""unit_id"":""pack"",""weight_grams"":742}]"
dry-yeast,Dry yeast,Мая (суха),Lievito secco,Levure boulangère sèche,Trockenhefe,grains,grains_baked,global_fusion,325,40.4,41.2,7.6,,vegan;vegetarian,365,0,2.8,"[{""unit_id"":""gram"",""weight_grams"":1},{""unit_id"":""teaspoon"",""weight_grams"":3},{""unit_id"":""tablespoon"",""weight_grams"":9},{""unit_id"":""pack"",""weight_grams"":7}]"
duck-breast,Duck Breast,Патешко филе,Petto d'anatra,Magret de canard,Entenbrust,meat,meat_poultry,european,135,28,0,2.5,,keto,4,0,1.5,"[{""unit_id"":""gram"",""weight_grams"":1},{""unit_id"":""kilogram"",""weight_grams"":1000},{""unit_id"":""piece"",""weight_grams"":330}]"
egg-white-aquafaba,Egg white / Aquafaba (foam agent),Яйчен белтък / аквафаба,Albume d’uovo / Aquafaba,Blanc d’œuf / Aquafaba,Eiweiß / Aquafaba,dairy,dairy_eggs,global_fusion,48,10,1.2,0.1,eggs,keto;gluten-free,5,1,0.6,"[{""unit_id"":""milliliter"",""weight_grams"":1},{""unit_id"":""drop"",""weight_grams"":1},{""unit_id"":""teaspoon"",""weight_grams"":5},{""unit_id"":""tablespoon"",""weight_grams"":15},{""unit_id"":""piece"",""weight_grams"":33}]"
eggplant,Eggplant,Патладжан,Melanzana,Aubergine,Aubergine,vegetables,vegetables_fruit,mediterranean,25,1,5.9,0.2,,vegan,7,0,0.35,"[{""unit_id"":""piece"",""weight_grams"":350},{""unit_id"":""teacup"",""weight_grams"":80},{""unit_id"":""kilogram"",""weight_grams"":1000},{""unit_id"":""gram"",""weight_grams"":1}]"
eggs,Eggs,Яйца,Uova,Œufs,Eier,dairy,dairy_eggs,global_fusion,143,12.6,0.7,9.5,eggs,vegan;keto,21,0,0.3,"[{""unit_id"":""piece"",""weight_grams"":50},{""unit_id"":""teacup"",""weight_grams"":240},{""unit_id"":""gram"",""weight_grams"":1}]"
einkorn-wheat,Einkorn wheat,Лимец,Farro monococco (piccolo farro),Petit épeautre (Engrain),Einkorn,grains,grains_whole,european,342,13.8,65,2.5,gluten,vegan,365,0,0.45,"[{""unit_id"":""gram"",""weight_grams"":1},{""unit_id"":""teacup"",""weight_grams"":190},{""unit_id"":""tablespoon"",""weight_grams"":15},{""unit_id"":""pack"",""weight_grams"":500}]"
elderflower-syrup,Elderflower syrup,Сироп от бъз,Sciroppo di fiori di sambuco,Sirop de fleur de sureau,Holunderblütensirup,spices,flavorings,european,255,0.1,63,0,,vegan;gluten-free,365,1,1.05,"[{""unit_id"":""milliliter"",""weight_grams"":1},{""unit_id"":""drop"",""weight_grams"":1.3},{""unit_id"":""teaspoon"",""weight_grams"":6.5},{""unit_id"":""tablespoon"",""weight_grams"":20},{""unit_id"":""pack"",""weight_grams"":700}]"
espresso-coffee,Espresso coffee (brewed),Кафе еспресо,Caffè espresso,Café expresso,Espresso,drinks,hot_drinks,global_fusion,2,0.1,0.3,0.2,,vegan;keto;gluten-free,1,1,0.8,"[{""unit_id"":""milliliter"",""weight_grams"":1},{""unit_id"":""drop"",""weight_grams"":1},{""unit_id"":""tablespoon"",""weight_grams"":30},{""unit_id"":""portion"",""weight_grams"":60}]"
farfalle,Farfalle,Фарфале (папийонки),Farfalle,Farfalle,Farfalle,pasta_products,pasta,italian,358,12,73,1.5,gluten,vegan,730,0,0.38,"[{""unit_id"":""gram"",""weight_grams"":1},{""unit_id"":""portion"",""weight_grams"":85},{""unit_id"":""teacup"",""weight_grams"":90},{""unit_id"":""pack"",""weight_grams"":500}]"
feta,Feta,Сирене (Фета),Feta,Féta,Feta,dairy,dairy_cheese,greek,264,14,4.1,21,dairy,vegan;keto,30,0,1.2,"[{""unit_id"":""teacup"",""weight_grams"":150},{""unit_id"":""kilogram"",""weight_grams"":1000},{""unit_id"":""gram"",""weight_grams"":1}]"
fettuccine,Fettuccine,Фетучини,Fettuccine,Fettuccine,Fettuccine,pasta_products,pasta,italian,366,13,2.2,71,gluten;eggs,,120,0,0.5,"[{""unit_id"":""nest"",""weight_grams"":25},{""unit_id"":""pack"",""weight_grams"":500},{""unit_id"":""gram"",""weight_grams"":1}]"
fig,Fig,Смокиня,Fico,Figue,Feige,fruits,fruits_subtropical,mediterranean,74,0.8,19.2,0.3,,vegan,4,0,0.8,"[{""unit_id"":""piece"",""weight_grams"":50},{""unit_id"":""teacup"",""weight_grams"":150},{""unit_id"":""gram"",""weight_grams"":1},{""unit_id"":""kilogram"",""weight_grams"":1000}]"
filter-coffee,Filter coffee (brewed),Кафе филтър,Caffè filtro,Café filtre,Filterkaffee,drinks,hot_drinks,european,1,0.1,0.2,0,,vegan;keto;gluten-free,1,1,0.3,"[{""unit_id"":""milliliter"",""weight_grams"":1},{""unit_id"":""drop"",""weight_grams"":1},{""unit_id"":""portion"",""weight_grams"":150},{""unit_id"":""teacup"",""weight_grams"":240}]"
fish,Fish (fresh/white),Риба,Pesce fresco,Poisson frais,Frischer Fisch,seafood,seafood_fish,mediterranean,105,18,0,3,fish,gluten-free;high-protein;keto;omega-3,3,0,1.2,"[{""unit_id"":""gram"",""weight_grams"":1},{""unit_id"":""slice"",""weight_grams"":150},{""unit_id"":""portion"",""weight_grams"":200},{""unit_id"":""piece"",""weight_grams"":300}]"
fish-heads-trimmings,Fish heads and trimmings,Рибени изрезки,Scarti e teste di pesce,Têtes et parures de poisson,Fischköpfe und Abschnitte,seafood,seafood_fish,global_fusion,85,14,0,2.5,fish,gluten-free;high-protein;keto;soup-base,2,0,0.4,"[{""unit_id"":""gram"",""weight_grams"":1},{""unit_id"":""portion"",""weight_grams"":250},{""unit_id"":""pack"",""weight_grams"":500},{""unit_id"":""kilogram"",""weight_grams"":1000}]"
fresh-bakers-yeast,Fresh baker's yeast,Мая за хляб (прясна),Lievito di birra fresco,Levure de boulanger fraîche,Frische Bäckerhefe,grains,grains_flour,global_fusion,105,11,18,1.5,,vegan;vegetarian,30,0,0.9,"[{""unit_id"":""gram"",""weight_grams"":1},{""unit_id"":""piece"",""weight_grams"":42},{""unit_id"":""pack"",""weight_grams"":42}]"
fresh-mint,Fresh mint,Мента (прясна),Menta fresca,Menthe fraîche,Frische Minze,spices,spices_herbs,european,44,3.3,0.7,8.4,,vegan;keto;gluten-free,14,0,5,"[{""unit_id"":""gram"",""weight_grams"":1},{""unit_id"":""bunch"",""weight_grams"":25},{""unit_id"":""tablespoon"",""weight_grams"":3},{""unit_id"":""sprig"",""weight_grams"":2}]"
fresh-spearmint,Fresh spearmint,Джоджен (пресен),Menta fresca (spearmint),Menthe fraîche,Frische Minze,spices,spices_herbs,european,44,3.3,0.7,8.4,,vegan;keto;gluten-free,7,0,0.3,"[{""unit_id"":""sprig"",""weight_grams"":2},{""unit_id"":""bunch"",""weight_grams"":40},{""unit_id"":""tablespoon"",""weight_grams"":3},{""unit_id"":""gram"",""weight_grams"":1}]"
frozen-mixed-vegetables,Frozen mixed vegetables,Замразени зеленчуци,Misto di verdure surgelate,Mélange de légumes surgelés,Tiefkühl-Mischgemüse,vegetables,frozen_vegetables,global_fusion,65,2.5,0.4,11,,vegan;gluten-free,0,0,0.4,"[{""unit_id"":""teacup"",""weight_grams"":150},{""unit_id"":""gram"",""weight_grams"":1},{""unit_id"":""piece"",""weight_grams"":400}]"
fusilli,Fusilli,Фузили (спирали),Fusilli,Fusilli,Fusilli,pasta_products,pasta,italian,358,12,73,1.5,gluten,vegan,730,0,0.35,"[{""unit_id"":""gram"",""weight_grams"":1},{""unit_id"":""portion"",""weight_grams"":85},{""unit_id"":""teacup"",""weight_grams"":100},{""unit_id"":""pack"",""weight_grams"":500}]"
garlic,Garlic,Чесън,Aglio,Ail,Knoblauch,vegetables,vegetables_root,middle_eastern_african,149,6.4,33.1,0.5,,vegan;gluten-free,90,0,0.5,"[{""unit_id"":""clove"",""weight_grams"":5},{""unit_id"":""teacup"",""weight_grams"":135},{""unit_id"":""gram"",""weight_grams"":1},{""unit_id"":""kilogram"",""weight_grams"":1000}]"
garlic-powder,Garlic powder,Чесън на прах,Aglio in polvere,Ail en poudre,Knoblauchpulver,spices,spices_herbs,european,331,16.6,0.7,72.7,,vegan;keto;gluten-free,0,0,0,"[{""unit_id"":""gram"",""weight_grams"":1},{""unit_id"":""teaspoon"",""weight_grams"":3},{""unit_id"":""tablespoon"",""weight_grams"":9}]"
ghee,Ghee,Краве Гхи,Ghee (burro chiarificato),Ghee (beurre clarifié),Ghee (Butterschmalz),fats,fats_animal,indian,900,0,0,100,dairy,vegan;keto,180,0,2,"[{""unit_id"":""tablespoon"",""weight_grams"":14},{""unit_id"":""teacup"",""weight_grams"":224},{""unit_id"":""gram"",""weight_grams"":1}]"
gin,Gin,Джин,Gin,Gin,Gin,drinks,alcoholic_beverages,british,263,0,0,0,,vegan;keto;gluten-free,1825,1,1.8,"[{""unit_id"":""milliliter"",""weight_grams"":1},{""unit_id"":""drop"",""weight_grams"":0.94},{""unit_id"":""teaspoon"",""weight_grams"":28.2},{""unit_id"":""pack"",""weight_grams"":658}]"
ginger,Ginger,Джинджифил,Zenzero,Gingembre,Ingwer,spices,spices_basic,asian,80,1.8,17.8,0.8,,vegan;superfood,21,0,0.8,"[{""unit_id"":""tablespoon"",""weight_grams"":6},{""unit_id"":""gram"",""weight_grams"":1}]"
ginger-juice,Ginger juice (fresh),Сок от джинджифил,Succo di zenzero,Jus de gingembre,Ingwersaft,drinks,juices,global_fusion,40,0.9,9,0.4,,vegan;keto;gluten-free,14,1,1.8,"[{""unit_id"":""milliliter"",""weight_grams"":1},{""unit_id"":""drop"",""weight_grams"":1},{""unit_id"":""tablespoon"",""weight_grams"":15},{""unit_id"":""pack"",""weight_grams"":250}]"
glass-noodles,Glass noodles,Стъклени нудъли (от боб мунг),Spaghetti di soia (fagioli mungo),Nouilles de verre / vermicelles,Glasnudeln,pasta_products,pasta,asian,351,0.2,86,0.1,,vegan;gluten-free,730,0,0.65,"[{""unit_id"":""gram"",""weight_grams"":1},{""unit_id"":""portion"",""weight_grams"":75},{""unit_id"":""pack"",""weight_grams"":250}]"
gnocchi,Gnocchi,Ньоки,Gnocchi di patate,Gnocchis de pommes de terre,Kartoffelgnocchi,pasta_products,grains_baked,italian,150,3.5,32,0.8,gluten,vegan,60,0,0.45,"[{""unit_id"":""gram"",""weight_grams"":1},{""unit_id"":""portion"",""weight_grams"":150},{""unit_id"":""pack"",""weight_grams"":500}]"
goose-liver,Goose liver (Foie gras),Гъши черен дроб,Fegato d'oca (Foie gras),Foie gras d'oie,Gänsestopfleber / Gänseleber,meat,meat_delicacies,global_fusion,462,11.4,4.7,44,,gluten-free;high-protein;keto,5,0,8.5,"[{""unit_id"":""gram"",""weight_grams"":1},{""unit_id"":""slice"",""weight_grams"":50},{""unit_id"":""portion"",""weight_grams"":100},{""unit_id"":""pack"",""weight_grams"":500}]"
gouda,Gouda,Кашкавал / Гауда,Gouda,Gouda,Gouda,dairy,dairy_cheese,european,356,24.9,2.2,27.4,dairy,vegan;keto,30,0,1.1,"[{""unit_id"":""tablespoon"",""weight_grams"":28},{""unit_id"":""teacup"",""weight_grams"":113},{""unit_id"":""gram"",""weight_grams"":1},{""unit_id"":""kilogram"",""weight_grams"":1000}]"
grape,Grape,Грозде,Uva,Raisin,Weintrauben,fruits,fruits_berries,global_fusion,69,0.7,18.1,0.2,,vegan,10,0,0.5,"[{""unit_id"":""teacup"",""weight_grams"":150},{""unit_id"":""handful"",""weight_grams"":50},{""unit_id"":""kilogram"",""weight_grams"":1000},{""unit_id"":""gram"",""weight_grams"":1}]"
grapefruit,Grapefruit,Грейпфрут,Pompelmo,Pamplemousse,Grapefruit,fruits,fruits_citrus,mediterranean,42,0.8,10.7,0.1,,vegan,21,0,0.2,"[{""unit_id"":""piece"",""weight_grams"":320},{""unit_id"":""teacup"",""weight_grams"":230},{""unit_id"":""gram"",""weight_grams"":1},{""unit_id"":""kilogram"",""weight_grams"":1000}]"
grapefruit-juice,Grapefruit juice (100%),Сок от грейпфрут,Succo di pompelmo,Jus de pamplemousse,Grapefruitsaft,drinks,juices,mediterranean,39,0.5,9.2,0.1,,vegan;gluten-free,180,1,0.26,"[{""unit_id"":""milliliter"",""weight_grams"":1},{""unit_id"":""drop"",""weight_grams"":1},{""unit_id"":""teacup"",""weight_grams"":240},{""unit_id"":""pack"",""weight_grams"":1000}]"
green-beans,Green Beans,Зелен боб,Fagiolini,Haricots verts,Grüne Bohnen,vegetables,vegetables_legumes,global_fusion,31,1.8,7,0.2,,vegan,7,0,0.4,"[{""unit_id"":""teacup"",""weight_grams"":110},{""unit_id"":""gram"",""weight_grams"":1},{""unit_id"":""kilogram"",""weight_grams"":1000}]"
green-garlic-fresh-garlic,Green garlic / Fresh garlic,Пресен чесън,Aglio fresco / Aglione,Ail frais / Ail nouveau,Frischer Knoblauch,vegetables,vegetables_leafy,global_fusion,46,2.3,0.2,9.8,,vegan;keto;gluten-free,7,0,1,"[{""unit_id"":""sprig"",""weight_grams"":15},{""unit_id"":""bunch"",""weight_grams"":75},{""unit_id"":""teacup"",""weight_grams"":90},{""unit_id"":""gram"",""weight_grams"":1}]"
green-olives,Green olives,Маслини (зелени),Olive verdi,Olives vertes,Grüne Oliven,vegetables,canned_vegetables,mediterranean,145,1,15.3,3.8,,vegan;keto;gluten-free,30,0,0.7,"[{""unit_id"":""piece"",""weight_grams"":7},{""unit_id"":""tablespoon"",""weight_grams"":12},{""unit_id"":""teacup"",""weight_grams"":134},{""unit_id"":""gram"",""weight_grams"":1}]"
green-tea,Green tea (brewed),Чай зелен,Tè verde,Thé vert,Grüntee,drinks,hot_drinks,asian,1,0,0.2,0,,vegan;keto;gluten-free,1,1,0.15,"[{""unit_id"":""milliliter"",""weight_grams"":1},{""unit_id"":""portion"",""weight_grams"":200},{""unit_id"":""teacup"",""weight_grams"":240}]"
grenadine-syrup,Grenadine syrup,Гренадин (сироп от нар),Sciroppo di granatina,Sirop de grenadine,Grenadinesirup,spices,flavorings,global_fusion,268,0,67,0,,vegan;gluten-free,365,1,0.95,"[{""unit_id"":""milliliter"",""weight_grams"":1},{""unit_id"":""drop"",""weight_grams"":1.3},{""unit_id"":""teaspoon"",""weight_grams"":6.5},{""unit_id"":""tablespoon"",""weight_grams"":20},{""unit_id"":""pack"",""weight_grams"":700}]"
ground-cardamom,Ground cardamom,Кардамон,Cardamomo macinato,Cardamome moulue,Gemahlener Kardamom,spices,flavorings,global_fusion,311,10.8,68.5,6.7,,vegan;keto;gluten-free,730,0,5.5,"[{""unit_id"":""gram"",""weight_grams"":1},{""unit_id"":""pinch"",""weight_grams"":0.5},{""unit_id"":""teaspoon"",""weight_grams"":2},{""unit_id"":""pack"",""weight_grams"":20}]"
ground-cinnamon,Ground cinnamon,Канела (на прах),Cannella in polvere,Cannelle moulue,Gemahlener Zimt,spices,flavorings,asian,247,4,80.6,1.2,,vegan;keto;gluten-free,730,0,1.8,"[{""unit_id"":""gram"",""weight_grams"":1},{""unit_id"":""teaspoon"",""weight_grams"":2.6},{""unit_id"":""tablespoon"",""weight_grams"":7.8},{""unit_id"":""pack"",""weight_grams"":40}]"
gyoza,Gyoza,Гьоза (японски пелмени),Gyoza (ravioli giapponesi),Gyoza (raviolis japonais),Gyoza (japanische Teigtaschen),pasta_products,pasta,japanese,185,7.5,23,6.8,gluten;soy;sesame,,180,0,1.2,"[{""unit_id"":""gram"",""weight_grams"":1},{""unit_id"":""piece"",""weight_grams"":20},{""unit_id"":""pack"",""weight_grams"":400}]"
ham,Ham (cooked ham),Шунка,Prosciutto cotto,Jambon cuit / blanc,Gekochter Schinken,meat,meat_delicacies,global_fusion,145,18.5,1.5,7,,gluten-free;high-protein;low-carb,14,0,1.8,"[{""unit_id"":""gram"",""weight_grams"":1},{""unit_id"":""slice"",""weight_grams"":30},{""unit_id"":""portion"",""weight_grams"":100},{""unit_id"":""pack"",""weight_grams"":200}]"
heavy-cream,Heavy Cream,Сметана (за готвене),Panna da cucina,Crème liquide entière,Schlagsahne / Kochsahne,dairy,dairy_cream,global_fusion,345,2.1,2.8,37,dairy,vegan;keto,14,1,0.8,"[{""unit_id"":""teacup"",""weight_grams"":240},{""unit_id"":""tablespoon"",""weight_grams"":15},{""unit_id"":""milliliter"",""weight_grams"":1}]"
hemp-seeds,Hemp Seeds,Конопено семе,Semi di canapa,Graines de chanvre,Hanfsamen,nuts_and_seeds,nuts_and_seeds_seeds,global_fusion,553,31.6,8.7,48.8,,vegan;keto;superfood,365,0,1.5,"[{""unit_id"":""tablespoon"",""weight_grams"":10},{""unit_id"":""teacup"",""weight_grams"":160},{""unit_id"":""gram"",""weight_grams"":1}]"
herbal-tea,Herbal tea (brewed),Чай билков,Infuso / Tisana alle erbe,Tisane / Infusion aux herbes,Kräutertee,drinks,hot_drinks,global_fusion,1,0,0.2,0,,vegan;keto;gluten-free,1,1,0.15,"[{""unit_id"":""milliliter"",""weight_grams"":1},{""unit_id"":""portion"",""weight_grams"":200},{""unit_id"":""teacup"",""weight_grams"":240}]"
herring,Herring,Херинга,Aringa,Hareng,Hering,seafood,seafood_fish,global_fusion,158,18,0,9,fish,keto;omega-3,3,0,0.5,"[{""unit_id"":""piece"",""weight_grams"":150},{""unit_id"":""gram"",""weight_grams"":1}]"
homemade-mayonnaise,Mayonnaise,Майонеза,Maionese,Mayonnaise,Mayonnaise,spices,ready_made_sauces,american,680,1,75,1,eggs,keto,0,0,0,"[{""unit_id"":""teaspoon"",""weight_grams"":5},{""unit_id"":""tablespoon"",""weight_grams"":15},{""unit_id"":""teacup"",""weight_grams"":220},{""unit_id"":""gram"",""weight_grams"":1}]"
honey,Honey,Пчелен мед,Miele millefiori,Miel,Honig,sweeteners,natural_sugars,global_fusion,304,0.3,82.4,0,,vegan;gluten-free;superfood,730,1,1.8,"[{""unit_id"":""tablespoon"",""weight_grams"":21},{""unit_id"":""teaspoon"",""weight_grams"":7},{""unit_id"":""milliliter"",""weight_grams"":1}]"
hot-chili-pepper,Hot chili pepper,Люта чушка,Peperoncino piccante,Piment fort,Scharfe Chilischote,vegetables,vegetables_fruit,mexican,40,1.9,8.8,0.4,,vegan;keto;gluten-free,21,0,0.8,"[{""unit_id"":""gram"",""weight_grams"":1},{""unit_id"":""piece"",""weight_grams"":15}]"
ice-cubes,Ice cubes,Лед на кубчета,Cubetti di ghiaccio,Glaçons,Eiswürfel,other,other,global_fusion,0,0,0,0,,vegan;keto;gluten-free,365,0,0.05,"[{""unit_id"":""gram"",""weight_grams"":1},{""unit_id"":""piece"",""weight_grams"":25},{""unit_id"":""handful"",""weight_grams"":100},{""unit_id"":""pack"",""weight_grams"":1000}]"
instant-coffee,Instant coffee (dry granules),Кафе нес,Caffè solubile / istantaneo,Café instantané,Löslicher Kaffee,drinks,hot_drinks,european,241,12.2,41.1,0.5,,vegan;keto;gluten-free,730,1,3.2,"[{""unit_id"":""milliliter"",""weight_grams"":1},{""unit_id"":""teaspoon"",""weight_grams"":2},{""unit_id"":""tablespoon"",""weight_grams"":6},{""unit_id"":""pack"",""weight_grams"":100}]"
jasmine-rice,Jasmine rice,Ориз (жасмин),Riso Jasmine,Riz jasmin,Jasminreis,grains,grains_rice,global_fusion,355,7.1,79,0.7,,vegan;gluten-free,730,0,0.38,"[{""unit_id"":""gram"",""weight_grams"":1},{""unit_id"":""teacup"",""weight_grams"":195},{""unit_id"":""tablespoon"",""weight_grams"":15},{""unit_id"":""pack"",""weight_grams"":1000}]"
kahlua-coffee-liqueur,Coffee liqueur (Kahlua),Кафеен ликьор (Калуа),Liquore al caffè (Kahlúa),Liqueur de café (Kahlúa),Kaffeelikör (Kahlúa),drinks,alcoholic_beverages,italian,290,0.1,45,0.1,,vegan;gluten-free,730,1,2.4,"[{""unit_id"":""milliliter"",""weight_grams"":1},{""unit_id"":""drop"",""weight_grams"":1.15},{""unit_id"":""teaspoon"",""weight_grams"":34.5},{""unit_id"":""pack"",""weight_grams"":805}]"
kalamata-olives,Kalamata olives,Маслини (Каламата),Olive Kalamata,Olives Kalamata,Kalamata-Oliven,vegetables,canned_vegetables,mediterranean,240,1.5,22,1,,vegan;keto;gluten-free,30,0,1.1,"[{""unit_id"":""piece"",""weight_grams"":8},{""unit_id"":""tablespoon"",""weight_grams"":14},{""unit_id"":""teacup"",""weight_grams"":140},{""unit_id"":""gram"",""weight_grams"":1}]"
kefir,Kefir,Кефир,Kefir,Kéfir,Kefir,dairy,dairy_milk,eastern_european,43,3.3,4.8,1,dairy,vegetarian;probiotic,14,1,0.3,"[{""unit_id"":""teacup"",""weight_grams"":240},{""unit_id"":""tablespoon"",""weight_grams"":15},{""unit_id"":""milliliter"",""weight_grams"":1}]"
ketchup,Ketchup,Кетчуп,Ketchup,Ketchup,Ketchup,spices,ready_made_sauces,american,112,1.3,25.8,0.2,,vegan;gluten-free,365,1,0.55,"[{""unit_id"":""milliliter"",""weight_grams"":1},{""unit_id"":""drop"",""weight_grams"":1.15},{""unit_id"":""teaspoon"",""weight_grams"":5},{""unit_id"":""tablespoon"",""weight_grams"":17},{""unit_id"":""pack"",""weight_grams"":500}]"
kiwi,Kiwi,Киви,Kiwi,Kiwi,Kiwi,fruits,fruits_subtropical,mediterranean,61,1.1,14.7,0.5,,vegan;superfood,14,0,0.4,"[{""unit_id"":""piece"",""weight_grams"":69},{""unit_id"":""teacup"",""weight_grams"":177},{""unit_id"":""gram"",""weight_grams"":1},{""unit_id"":""kilogram"",""weight_grams"":1000}]"
lamb-chop,Lamb Chop,Агнешки котлет,Costoletta d'agnello,Côtelette d'agneau,Lammkotelett,meat,meat_lamb,european,294,25,0,21,,keto,4,0,2,"[{""unit_id"":""piece"",""weight_grams"":150},{""unit_id"":""gram"",""weight_grams"":1},{""unit_id"":""kilogram"",""weight_grams"":1000}]"
lamb-leg,Lamb leg (boneless),Агнешко бутче (обезкостено),Cosciotto d'agnello,Gigot d'agneau,Lammkeule,meat,meat_lamb,european,205,25.6,0,11.3,,keto;gluten-free;high-protein,4,0,1.6,"[{""unit_id"":""gram"",""weight_grams"":1},{""unit_id"":""kilogram"",""weight_grams"":1000},{""unit_id"":""piece"",""weight_grams"":1500}]"
lard,Lard,Свинска мас,Strutto,Saindoux,Schweineschmalz,fats,fats_animal,global_fusion,902,0,0,100,,keto,180,0,0.4,"[{""unit_id"":""tablespoon"",""weight_grams"":13},{""unit_id"":""teacup"",""weight_grams"":205},{""unit_id"":""gram"",""weight_grams"":1}]"
lasagna-sheets,Lasagna sheets,Лазаня (листове,Sfoglie per lasagna,Feuilles de lasagne,Lasagneplatten,pasta_products,pasta,italian,360,12,1.8,72,gluten;eggs,,0,0,0,"[{""unit_id"":""gram"",""weight_grams"":1},{""unit_id"":""pack"",""weight_grams"":500}]"
leek,Leek,Праз,Porro,Poireau,Lauch / Porree,vegetables,vegetables_stem,european,61,1.5,14.1,0.3,,vegan,14,0,0.3,"[{""unit_id"":""piece"",""weight_grams"":150},{""unit_id"":""teacup"",""weight_grams"":90},{""unit_id"":""kilogram"",""weight_grams"":1000},{""unit_id"":""gram"",""weight_grams"":1}]"
lemon,Lemon,Лимон,Limone,Citron,Zitrone,fruits,fruits_citrus,mediterranean,29,1.1,9.3,0.3,,vegan,14,0,0.3,"[{""unit_id"":""piece"",""weight_grams"":110},{""unit_id"":""tablespoon"",""weight_grams"":15},{""unit_id"":""gram"",""weight_grams"":1},{""unit_id"":""slice"",""weight_grams"":10}]"
lemon-juice,Lemon juice,Лимонов сок,Succo di limone,Jus de citron,Zitronensaft,fruits,fruits_citrus,global_fusion,22,4,0.2,6.9,,vegan;keto,7,1,0.5,"[{""unit_id"":""teaspoon"",""weight_grams"":5},{""unit_id"":""tablespoon"",""weight_grams"":15},{""unit_id"":""piece"",""weight_grams"":45},{""unit_id"":""teacup"",""weight_grams"":245},{""unit_id"":""milliliter"",""weight_grams"":1}]"
lentils,Lentils,Леща,Lenticchie,Lentilles,Linsen,grains,grains_whole,european,116,9,20.1,0.4,,vegan;high-protein,365,0,0.2,"[{""unit_id"":""teacup"",""weight_grams"":198},{""unit_id"":""kilogram"",""weight_grams"":1000},{""unit_id"":""gram"",""weight_grams"":1}]"
lettuce,Lettuce,Маруля,Lattuga,Laitue,Kopfsalat,vegetables,vegetables_leafy,global_fusion,15,1.4,2.9,0.2,,vegan;keto,5,0,0.3,"[{""unit_id"":""piece"",""weight_grams"":200},{""unit_id"":""teacup"",""weight_grams"":35},{""unit_id"":""gram"",""weight_grams"":1},{""unit_id"":""kilogram"",""weight_grams"":1000}]"
lima-beans,Lima beans (dry),Боб Лима,Fagioli di Lima,Haricots de Lima,Limabohnen,pulses_and_starches,pulses,global_fusion,338,21.5,63.4,0.7,,vegan;gluten-free,730,0,0.55,"[{""unit_id"":""gram"",""weight_grams"":1},{""unit_id"":""teacup"",""weight_grams"":190},{""unit_id"":""tablespoon"",""weight_grams"":15},{""unit_id"":""pack"",""weight_grams"":500}]"
lime,Lime,Лайм,Lime,Citron vert / Lime,Limette,fruits,fruits_citrus,latin_american,30,0.7,10.5,0.2,,vegan,14,0,0.4,"[{""unit_id"":""piece"",""weight_grams"":60},{""unit_id"":""tablespoon"",""weight_grams"":15},{""unit_id"":""gram"",""weight_grams"":1},{""unit_id"":""slice"",""weight_grams"":6}]"
lime-juice,Lime juice (fresh),Сок от лайм,Succo di lime,Jus de citron vert,Limettensaft,drinks,juices,mediterranean,25,0.4,8.4,0.1,,vegan;keto;gluten-free,7,1,0.9,"[{""unit_id"":""milliliter"",""weight_grams"":1},{""unit_id"":""drop"",""weight_grams"":1},{""unit_id"":""tablespoon"",""weight_grams"":5},{""unit_id"":""tablespoon"",""weight_grams"":15},{""unit_id"":""teacup"",""weight_grams"":240}]"
linguine,Linguine,Лингуини,Linguine,Linguine,Linguine,pasta_products,pasta,italian,358,12,1.5,73,gluten,vegan,120,0,0.6,"[{""unit_id"":""pack"",""weight_grams"":500},{""unit_id"":""gram"",""weight_grams"":1}]"
macadamia,Macadamia,Макадамия,Noci di macadamia,Noix de macadamia,Macadamianüsse,nuts_and_seeds,nuts_and_seeds_nuts,global_fusion,718,7.9,13.8,75.8,nuts,vegan;keto,180,0,3.5,"[{""unit_id"":""teacup"",""weight_grams"":134},{""unit_id"":""tablespoon"",""weight_grams"":10},{""unit_id"":""piece"",""weight_grams"":3},{""unit_id"":""gram"",""weight_grams"":1}]"
macaroni,Macaroni,Макарони (кухи тръбички),Maccheroni,Macaronis,Makkaroni,pasta_products,pasta,italian,358,12,73,1.5,gluten,vegan,730,0,0.3,"[{""unit_id"":""gram"",""weight_grams"":1},{""unit_id"":""portion"",""weight_grams"":85},{""unit_id"":""teacup"",""weight_grams"":110},{""unit_id"":""pack"",""weight_grams"":500}]"
mackerel,Mackerel,Скумрия,Sgombro,Maquereau,Makrele,seafood,seafood_fish,european,205,19,0,14,fish,keto;omega-3,2,0,0.6,"[{""unit_id"":""piece"",""weight_grams"":300},{""unit_id"":""kilogram"",""weight_grams"":1000},{""unit_id"":""gram"",""weight_grams"":0.8}]"
mango,Mango,Манго,Mango,Mangue,Mango,fruits,fruits_tropical,mediterranean,60,0.8,15,0.4,,vegan,7,0,0.8,"[{""unit_id"":""piece"",""weight_grams"":350},{""unit_id"":""teacup"",""weight_grams"":165},{""unit_id"":""kilogram"",""weight_grams"":1000},{""unit_id"":""gram"",""weight_grams"":1}]"
maple-syrup,Maple syrup,Кленов сироп,Sciroppo d'acero,Sirop d'érable,Ahornsirup,sweeteners,natural_sugars,american,260,0,0.1,67,,vegan;gluten-free,180,1,1,"[{""unit_id"":""teaspoon"",""weight_grams"":7},{""unit_id"":""tablespoon"",""weight_grams"":20},{""unit_id"":""milliliter"",""weight_grams"":1},{""unit_id"":""pack"",""weight_grams"":700},{""unit_id"":""drop"",""weight_grams"":1.3}]"
maraschino-cherries,Maraschino cherries,Коктейлни череши (мараскино),Ciliegie al maraschino,Cerises au marasquin,Maraschinokirschen,fruits,fruits_stone,european,165,0.3,41,0.2,,vegan;gluten-free,730,0,1.4,"[{""unit_id"":""gram"",""weight_grams"":1},{""unit_id"":""piece"",""weight_grams"":5},{""unit_id"":""teacup"",""weight_grams"":200}]"
marinated-mushrooms,Marinated mushrooms,Мариновани гъби,Funghi marinati sott’olio,Champignons marinés,Marinierte Pilze,vegetables,canned_vegetables,european,32,2.1,0.8,4.2,,vegan;keto;gluten-free,24,0,0.95,"[{""unit_id"":""piece"",""weight_grams"":10},{""unit_id"":""tablespoon"",""weight_grams"":15},{""unit_id"":""teacup"",""weight_grams"":150},{""unit_id"":""gram"",""weight_grams"":1}]"
marinated-sprats,Marinated sprats,Маринована цаца,Ciprine marinate,Sprats marinés,Marinierte Sprotte,seafood,seafood_fish,bulgarian,182,14.5,1.2,13.5,fish,gluten-free;keto;omega-3,30,0,1.2,"[{""unit_id"":""gram"",""weight_grams"":1},{""unit_id"":""tablespoon"",""weight_grams"":20},{""unit_id"":""portion"",""weight_grams"":100},{""unit_id"":""pack"",""weight_grams"":200}]"
marmalade,Marmalade / Jam,Мармалад / сладко,Marmellata di agrumi,Marmelade d'agrumes,Orangenmarmelade,sweeteners,natural_sugars,european,260,0.4,65,0.1,,vegan;vegetarian;gluten-free,730,0,0.8,"[{""unit_id"":""gram"",""weight_grams"":1},{""unit_id"":""teaspoon"",""weight_grams"":10},{""unit_id"":""tablespoon"",""weight_grams"":25},{""unit_id"":""pack"",""weight_grams"":400}]"
mascarpone,Mascarpone,Маскарпоне,Mascarpone,Mascarpone,Mascarpone,dairy,dairy_cheese,italian,429,4.5,4.5,44.5,dairy,vegan;keto,14,0,1.2,"[{""unit_id"":""tablespoon"",""weight_grams"":14},{""unit_id"":""teacup"",""weight_grams"":226},{""unit_id"":""gram"",""weight_grams"":1}]"
matcha-powder,Matcha powder,Чай матча,Tè verde matcha in polvere,Poudre de thé vert matcha,Matchapulver,drinks,hot_drinks,mediterranean,324,30.6,38.5,5.3,,vegan;keto;gluten-free,365,1,8,"[{""unit_id"":""milliliter"",""weight_grams"":1},{""unit_id"":""teaspoon"",""weight_grams"":2},{""unit_id"":""tablespoon"",""weight_grams"":6},{""unit_id"":""pack"",""weight_grams"":50}]"
melon,Melon,Пъпеш,Melone,Melon,Melone,fruits,fruits_berries,european,34,0.8,8.2,0.2,,vegan,10,0,0.25,"[{""unit_id"":""piece"",""weight_grams"":1200},{""unit_id"":""gram"",""weight_grams"":1}]"
milk,Milk,Прясно мляко,Latte intero,Lait entier,Vollmilch,dairy,dairy_milk,global_fusion,42,3.4,5,1,dairy,vegan,7,1,0.15,"[{""unit_id"":""teacup"",""weight_grams"":250},{""unit_id"":""tablespoon"",""weight_grams"":15},{""unit_id"":""milliliter"",""weight_grams"":1}]"
minced-beef,Minced Beef,Телешка кайма,Carne macinata di manzo,Bœuf haché,Rinderhackfleisch,meat,meat_beef,global_fusion,250,26,0,15,,keto,3,0,1.2,"[{""unit_id"":""gram"",""weight_grams"":1},{""unit_id"":""kilogram"",""weight_grams"":1000},{""unit_id"":""pack"",""weight_grams"":250}]"
minced-meat-mixture,Minced meat (mixture),Кайма (смес),Carne macinata mista,Viande hachée mixte,Gemischtes Hackfleisch,meat,meat_pork,global_fusion,255,25,0,17,,keto,3,0,0.8,"[{""unit_id"":""gram"",""weight_grams"":1},{""unit_id"":""kilogram"",""weight_grams"":1000},{""unit_id"":""pack"",""weight_grams"":250}]"
minced-pork,Minced Pork,Свинска кайма,Carne macinata di maiale,Porc haché,Schweinehackfleisch,meat,meat_pork,global_fusion,260,25,0,17,,keto,3,0,0.6,"[{""unit_id"":""gram"",""weight_grams"":1},{""unit_id"":""kilogram"",""weight_grams"":1000},{""unit_id"":""pack"",""weight_grams"":250}]"
mineral-water,Mineral water,Минерална вода,Acqua minerale naturale,Eau minérale,Mineralwasser,drinks,water,european,0,0,0,0,,vegan;keto;gluten-free,730,1,0.06,"[{""unit_id"":""milliliter"",""weight_grams"":1},{""unit_id"":""teacup"",""weight_grams"":240},{""unit_id"":""liter"",""weight_grams"":1000}]"
mint-syrup,Mint syrup,Сироп от мента,Sciroppo di menta,Sirop de menthe,Minzsirup,spices,flavorings,european,260,0,65,0,,vegan;gluten-free,365,1,0.95,"[{""unit_id"":""milliliter"",""weight_grams"":1},{""unit_id"":""drop"",""weight_grams"":1.3},{""unit_id"":""teaspoon"",""weight_grams"":6.5},{""unit_id"":""tablespoon"",""weight_grams"":20},{""unit_id"":""pack"",""weight_grams"":700}]"
mirin-rice-wine,Mirin / Japanese sweet rice wine,Оризово вино / мирин,Mirin (vino di riso dolce),Mirin,Mirin (Reiswein),spices,ready_made_sauces,asian,240,0.2,50,0,,vegan;gluten-free,730,1,1.6,"[{""unit_id"":""milliliter"",""weight_grams"":1},{""unit_id"":""drop"",""weight_grams"":1.15},{""unit_id"":""teaspoon"",""weight_grams"":5.5},{""unit_id"":""tablespoon"",""weight_grams"":16.5},{""unit_id"":""pack"",""weight_grams"":500}]"
mixed-salad-greens,Mixed salad greens,Зелена салата (микс),Misticanza di insalata fresca,Mélange de jeunes pousses / salade,Gemischter Blattsalat,vegetables,vegetables_leafy,mediterranean,17,1.5,2.8,0.2,,vegan;keto;gluten-free,7,0,1.8,"[{""unit_id"":""gram"",""weight_grams"":1},{""unit_id"":""pack"",""weight_grams"":200}]"
mozzarella,Mozzarella,Моцарела,Mozzarella,Mozzarella,Mozzarella,dairy,dairy_cheese,italian,280,28,3.1,17,dairy,vegan;keto,14,0,1,"[{""unit_id"":""piece"",""weight_grams"":125},{""unit_id"":""teacup"",""weight_grams"":112},{""unit_id"":""gram"",""weight_grams"":1}]"
mung-beans,Mung beans (dry),Боб мунг,Fagioli mungo,Haricots mungo,Mungbohnen,pulses_and_starches,pulses,global_fusion,347,23.9,62.6,1.2,,vegan;gluten-free,730,0,0.5,"[{""unit_id"":""gram"",""weight_grams"":1},{""unit_id"":""teacup"",""weight_grams"":205},{""unit_id"":""tablespoon"",""weight_grams"":15},{""unit_id"":""pack"",""weight_grams"":500}]"
mushroom,Mushroom,Гъби,Fungo,Champignon,Pilz,vegetables,vegetables_mushrooms,global_fusion,22,3.1,3.3,0.3,,vegan;keto,5,0,0.5,"[{""unit_id"":""teacup"",""weight_grams"":70},{""unit_id"":""piece"",""weight_grams"":25},{""unit_id"":""gram"",""weight_grams"":1},{""unit_id"":""kilogram"",""weight_grams"":1000}]"
mushrooms-champignon,Mushrooms (Champignon),Гъби (печурки),Funghi champignon,Champignons de Paris,Champignons,vegetables,vegetables_mushrooms,european,22,3.1,3.3,0.3,,vegan;keto;gluten-free;low-calorie,7,0,0.6,"[{""unit_id"":""gram"",""weight_grams"":1},{""unit_id"":""piece"",""weight_grams"":20},{""unit_id"":""pack"",""weight_grams"":500},{""unit_id"":""teacup"",""weight_grams"":70}]"
mussels,Mussels,Миди,Cozze,Moules,Miesmuscheln,seafood,seafood_molluscs,mediterranean,86,12,3.7,2.2,shellfish,pescatarian,2,0,1,"[{""unit_id"":""piece"",""weight_grams"":20},{""unit_id"":""gram"",""weight_grams"":1},{""unit_id"":""kilogram"",""weight_grams"":1000}]"
mustard,Mustard,Горчица,Senape,Moutarde,Senf,spices,ready_made_sauces,american,66,4.4,5.3,4,,vegan;low-calorie;keto,365,1,0.9,"[{""unit_id"":""tablespoon"",""weight_grams"":15},{""unit_id"":""teaspoon"",""weight_grams"":3},{""unit_id"":""teacup"",""weight_grams"":250},{""unit_id"":""milliliter"",""weight_grams"":1}]"
natural-starch,Natural starch,Натурално нишесте,Amido naturale,Amidon naturel / Fécule,Natürliche Stärke,pulses_and_starches,starch,european,381,0.3,0.1,91,,vegan;gluten-free,0,0,0,"[{""unit_id"":""teaspoon"",""weight_grams"":3},{""unit_id"":""tablespoon"",""weight_grams"":8},{""unit_id"":""teacup"",""weight_grams"":128},{""unit_id"":""gram"",""weight_grams"":1}]"
nectarines,Nectarines,Нектарини,Nettarine,Nectarines,Nektarinen,fruits,fruits_stone,balkan,44,1.1,0.3,10.6,,vegan;gluten-free,30,0,0.4,"[{""unit_id"":""piece"",""weight_grams"":140},{""unit_id"":""teacup"",""weight_grams"":150},{""unit_id"":""gram"",""weight_grams"":1}]"
nutmeg,Nutmeg,Индийско орехче,Noce moscata,Noix de muscade,Muskatnuss,spices,spices_ground,asian,525,5.8,49.3,36.3,,vegan,730,0,3,"[{""unit_id"":""teaspoon"",""weight_grams"":2},{""unit_id"":""tablespoon"",""weight_grams"":6},{""unit_id"":""gram"",""weight_grams"":1},{""unit_id"":""piece"",""weight_grams"":6}]"
oat-milk,Oat milk,Овесено мляко,Latte d'avena,Lait d'avoine,Hafermilch,drinks,dairy_milk,global_fusion,45,1,6.5,1.5,gluten,vegan,365,1,0.22,"[{""unit_id"":""milliliter"",""weight_grams"":1},{""unit_id"":""tablespoon"",""weight_grams"":15},{""unit_id"":""teacup"",""weight_grams"":240},{""unit_id"":""pack"",""weight_grams"":1000}]"
oats,Oats,Овесени ядки,Fiocchi d'avena,Flocons d'avoine,Haferflocken,grains,grains_nuts,global_fusion,389,16.9,66.3,6.9,,vegan;superfood,365,0,0.2,"[{""unit_id"":""teacup"",""weight_grams"":90},{""unit_id"":""gram"",""weight_grams"":1}]"
octopus,Octopus,Октопод,Polpo,Poulpe,Oktopus,seafood,seafood_molluscs,mediterranean,82,15,2.2,1,shellfish,pescatarian,2,0,2.5,"[{""unit_id"":""piece"",""weight_grams"":150},{""unit_id"":""kilogram"",""weight_grams"":1000},{""unit_id"":""gram"",""weight_grams"":1}]"
okra,Okra,Бамя,Okra (gombo),Gombo / Okra,Okra,vegetables,vegetables_fruit,subsaharan_african,33,1.9,7.5,0.2,,vegan,5,0,0.6,"[{""unit_id"":""teacup"",""weight_grams"":140},{""unit_id"":""piece"",""weight_grams"":12},{""unit_id"":""kilogram"",""weight_grams"":1000},{""unit_id"":""gram"",""weight_grams"":1}]"
olive-oil,Extra Virgin Olive Oil,Зехтин Екстра Върджин,Olio extravergine d’oliva,Huile d'olive vierge extra,Natives Olivenöl extra,fats,fats_plant,mediterranean,884,0,0,100,,vegan;keto;gluten-free,540,1,1.2,"[{""unit_id"":""tablespoon"",""weight_grams"":14},{""unit_id"":""teacup"",""weight_grams"":216},{""unit_id"":""milliliter"",""weight_grams"":1},{""unit_id"":""liter"",""weight_grams"":1000}]"
onion,Onion,Лук (жълт),Cipolla dorata,Oignon jaune,Zwiebel,vegetables,vegetables_root,global_fusion,40,1.1,9.3,0.1,,vegan,30,0,0.1,"[{""unit_id"":""piece"",""weight_grams"":110},{""unit_id"":""teacup"",""weight_grams"":160},{""unit_id"":""gram"",""weight_grams"":1},{""unit_id"":""kilogram"",""weight_grams"":1000}]"
orange,Orange,Портокал,Arancia,Orange,Orange,fruits,fruits_citrus,mediterranean,47,0.9,11.8,0.1,,vegan,14,0,0.2,"[{""unit_id"":""piece"",""weight_grams"":230},{""unit_id"":""teacup"",""weight_grams"":180},{""unit_id"":""gram"",""weight_grams"":1},{""unit_id"":""kilogram"",""weight_grams"":1000},{""unit_id"":""slice"",""weight_grams"":20}]"
orange-juice,Orange juice (100%),Портокалов сок,Succo d’arancia,Jus d'orange,Orangensaft,drinks,juices,mediterranean,45,0.7,10.4,0.2,,vegan;gluten-free,180,1,0.22,"[{""unit_id"":""milliliter"",""weight_grams"":1},{""unit_id"":""teacup"",""weight_grams"":240},{""unit_id"":""pack"",""weight_grams"":1000}]"
orange-juice-fresh,Orange juice (freshly squeezed),Сок от портокал (пресен),Spremuta fresca d’arancia,Jus d'orange pressé,Frisch gepresster Orangensaft,drinks,juices,mediterranean,45,0.7,10.4,0.2,,vegan;gluten-free,3,1,0.5,"[{""unit_id"":""milliliter"",""weight_grams"":1},{""unit_id"":""drop"",""weight_grams"":1},{""unit_id"":""teacup"",""weight_grams"":240},{""unit_id"":""liter"",""weight_grams"":1000}]"
oregano,Oregano,Риган,Origano secco,Origan séché,Getrockneter Oregano,spices,spices_herbs,european,265,9,68.9,4.3,,vegan;keto,730,0,2.5,"[{""unit_id"":""gram"",""weight_grams"":1},{""unit_id"":""teaspoon"",""weight_grams"":1},{""unit_id"":""tablespoon"",""weight_grams"":4},{""unit_id"":""sprig"",""weight_grams"":1}]"
orgeat-syrup,Orgeat syrup (Almond syrup),Бадемов сироп (Orgeat),Sciroppo di orzata,Sirop d'orgeat,Mandelsirup (Orgeat),spices,flavorings,mediterranean,275,0.3,68,0.2,nuts,vegan;gluten-free,365,1,1.2,"[{""unit_id"":""milliliter"",""weight_grams"":1},{""unit_id"":""drop"",""weight_grams"":1.3},{""unit_id"":""teaspoon"",""weight_grams"":6.5},{""unit_id"":""tablespoon"",""weight_grams"":20},{""unit_id"":""pack"",""weight_grams"":700}]"
paprika,Paprika,Червен пипер,Paprika dolce,Paprika doux,Edelsüßes Paprikapulver,spices,spices_ground,indian,282,14.1,53.9,12.9,,vegan;keto,730,0,1,"[{""unit_id"":""teaspoon"",""weight_grams"":2.5},{""unit_id"":""tablespoon"",""weight_grams"":8},{""unit_id"":""gram"",""weight_grams"":1}]"
parboiled-rice,Parboiled rice,Ориз (бланширан),Riso parboiled,Riz étuvé (incollable),Parboiled-Reis,grains,grains_rice,global_fusion,357,7.4,78.5,0.6,,vegan;gluten-free,730,0,0.28,"[{""unit_id"":""gram"",""weight_grams"":1},{""unit_id"":""teacup"",""weight_grams"":200},{""unit_id"":""tablespoon"",""weight_grams"":15},{""unit_id"":""pack"",""weight_grams"":1000}]"
parmesan,Parmesan,Пармезан,Parmigiano Reggiano,Parmesan,Parmesan,dairy,dairy_cheese,italian,431,38,4.1,29,dairy,vegan;keto,90,0,2.5,"[{""unit_id"":""teacup"",""weight_grams"":100},{""unit_id"":""tablespoon"",""weight_grams"":5},{""unit_id"":""gram"",""weight_grams"":1}]"
parsley,Parsley,Магданоз (пресен),Prezzemolo fresco,Persil frais,Frische Petersilie,spices,spices_herbs,european,36,3,6.3,0.8,,vegan;keto,7,0,1,"[{""unit_id"":""tablespoon"",""weight_grams"":4},{""unit_id"":""gram"",""weight_grams"":1},{""unit_id"":""bunch"",""weight_grams"":25}]"
parsnip,Parsnip,Пащърнак,Pastinaca,Panais,Pastinake,vegetables,vegetables_root,european,75,1.2,18,0.3,,vegan,21,0,0.3,"[{""unit_id"":""piece"",""weight_grams"":150},{""unit_id"":""teacup"",""weight_grams"":133},{""unit_id"":""kilogram"",""weight_grams"":1000},{""unit_id"":""gram"",""weight_grams"":1}]"
pasta,Pasta,Паста,Pasta,Pâtes,Pasta / Nudeln,pasta_products,pasta,european,131,5,25,1.1,gluten,vegan,730,0,0.25,"[{""unit_id"":""teacup"",""weight_grams"":120},{""unit_id"":""gram"",""weight_grams"":1}]"
peach,Peach,Праскова,Pesca,Pêche,Pfirsich,fruits,fruits_stone,balkan,39,0.9,9.5,0.3,,vegan,7,0,0.4,"[{""unit_id"":""teacup"",""weight_grams"":150},{""unit_id"":""piece"",""weight_grams"":150},{""unit_id"":""gram"",""weight_grams"":1},{""unit_id"":""kilogram"",""weight_grams"":1000}]"
peanut-oil,Peanut Oil,Фъстъчено олио,Olio d'arachidi,Huile d'arachide,Erdnussöl,fats,fats_plant,global_fusion,884,0,0,100,peanuts,vegan;keto,365,1,0.6,"[{""unit_id"":""tablespoon"",""weight_grams"":14},{""unit_id"":""teacup"",""weight_grams"":216},{""unit_id"":""milliliter"",""weight_grams"":1}]"
peanuts,Peanuts,Фъстъци,Arachidi,Cacahuètes,Erdnüsse,nuts_and_seeds,nuts_and_seeds_nuts,european,567,25.8,16.1,49.2,peanuts,vegan;keto,180,0,0.8,"[{""unit_id"":""teacup"",""weight_grams"":146},{""unit_id"":""gram"",""weight_grams"":1},{""unit_id"":""tablespoon"",""weight_grams"":11},{""unit_id"":""handful"",""weight_grams"":28}]"
pear,Pear,Круша,Pera,Poire,Birne,fruits,fruits_pomes,european,57,0.4,15.2,0.1,,vegan,14,0,0.3,"[{""unit_id"":""piece"",""weight_grams"":180},{""unit_id"":""teacup"",""weight_grams"":140},{""unit_id"":""kilogram"",""weight_grams"":1000},{""unit_id"":""gram"",""weight_grams"":1}]"
peas,Peas,"Грах (сух, замразен)",Piselli,Petits pois,Erbsen,vegetables,vegetables_legumes,global_fusion,81,5.4,14.5,0.4,,vegan,5,0,0.4,"[{""unit_id"":""teacup"",""weight_grams"":145},{""unit_id"":""kilogram"",""weight_grams"":1000},{""unit_id"":""gram"",""weight_grams"":1}]"
pecans,Pecans,Пекан,Noci pecan,Noix de pécan,Pekannüsse,nuts_and_seeds,nuts_and_seeds_nuts,global_fusion,691,9.2,13.9,72,nuts,vegan;keto,180,0,2.5,"[{""unit_id"":""teacup"",""weight_grams"":109},{""unit_id"":""tablespoon"",""weight_grams"":8},{""unit_id"":""gram"",""weight_grams"":1},{""unit_id"":""handful"",""weight_grams"":23}]"
penne,Penne,Пене (писалки),Penne,Penne,Penne,pasta_products,pasta,italian,358,12,73,1.5,gluten,vegan,730,0,0.35,"[{""unit_id"":""gram"",""weight_grams"":1},{""unit_id"":""portion"",""weight_grams"":85},{""unit_id"":""teacup"",""weight_grams"":100},{""unit_id"":""pack"",""weight_grams"":500}]"
phyllo-pastry-sheets,Phyllo pastry sheets,Готови кори за баница,Pasta fillo,Pâte phyllo,Filoteigblätter,grains,grains_baked,balkan,285,7.5,57,1.8,gluten,vegan,45,0,0.4,"[{""unit_id"":""gram"",""weight_grams"":1},{""unit_id"":""handful"",""weight_grams"":30},{""unit_id"":""pack"",""weight_grams"":400}]"
pickled-cabbage,Pickled cabbage (Sauerkraut),Кисело зеле,Crauti / Cavolo fermentato,Choucroute,Sauerkraut,vegetables,canned_vegetables,bulgarian,19,0.9,4.3,0.1,,vegan;keto;gluten-free;probiotic,180,0,0.3,"[{""unit_id"":""gram"",""weight_grams"":1},{""unit_id"":""kilogram"",""weight_grams"":1000},{""unit_id"":""piece"",""weight_grams"":1500}]"
pickled-cucumbers,Pickled cucumbers,Кисели краставички,Cetriolini sott’aceto,Cornichons,Gewürzgurken,vegetables,canned_vegetables,european,11,0.3,0.2,2.3,,vegan;keto,180,0,0.4,"[{""unit_id"":""piece"",""weight_grams"":30},{""unit_id"":""teacup"",""weight_grams"":150},{""unit_id"":""gram"",""weight_grams"":1}]"
pine-nuts,Pine Nuts,Кедрови ядки,Pinoli,Pignons de pin,Pinienkerne,nuts_and_seeds,nuts_and_seeds_nuts,american,673,13.7,13.1,68.4,nuts,vegan;keto;gluten-free,180,0,4,"[{""unit_id"":""teacup"",""weight_grams"":135},{""unit_id"":""gram"",""weight_grams"":1},{""unit_id"":""handful"",""weight_grams"":18},{""unit_id"":""tablespoon"",""weight_grams"":10}]"
pineapple,Pineapple,Ананас,Ananas,Ananas,Ananas,fruits,fruits_tropical,mediterranean,50,0.5,13.1,0.1,,vegan,10,0,0.4,"[{""unit_id"":""piece"",""weight_grams"":900},{""unit_id"":""slice"",""weight_grams"":165},{""unit_id"":""gram"",""weight_grams"":1}]"
pineapple-juice,Pineapple juice (100%),Ананасов сок,Succo d'ananas,Jus d'ananas,Ananassaft,drinks,juices,mediterranean,53,0.4,12.9,0.1,,vegan;gluten-free,180,1,0.25,"[{""unit_id"":""milliliter"",""weight_grams"":1},{""unit_id"":""teacup"",""weight_grams"":240},{""unit_id"":""pack"",""weight_grams"":1000}]"
pinto-beans,Pinto beans (dry),Шарен боб,Fagioli pinto,Haricots pinto,Pintobohnen,pulses_and_starches,pulses,bulgarian,347,21.4,62.6,1.2,,vegan;gluten-free,730,0,0.32,"[{""unit_id"":""gram"",""weight_grams"":1},{""unit_id"":""teacup"",""weight_grams"":200},{""unit_id"":""tablespoon"",""weight_grams"":15},{""unit_id"":""pack"",""weight_grams"":1000}]"
plum,Plum,Слива,Prugna / Susina,Prune,Pflaume,fruits,fruits_stone,balkan,46,0.7,11.4,0.3,,vegan,7,0,0.25,"[{""unit_id"":""piece"",""weight_grams"":66},{""unit_id"":""teacup"",""weight_grams"":165},{""unit_id"":""kilogram"",""weight_grams"":1000},{""unit_id"":""gram"",""weight_grams"":1}]"
pomegranate,Pomegranate,Нар,Melograno,Grenade,Granatapfel,fruits,fruits_subtropical,mediterranean,83,1.7,18.7,1.2,,vegan;superfood,20,0,0.6,"[{""unit_id"":""piece"",""weight_grams"":280},{""unit_id"":""teacup"",""weight_grams"":174},{""unit_id"":""gram"",""weight_grams"":1},{""unit_id"":""kilogram"",""weight_grams"":1000}]"
pomegranate-seeds,Pomegranate seeds,Зърна от нар,Chicchi di melograno,Grains de grenade,Granatapfelkerne,fruits,fruits_pomes,mediterranean,83,1.7,18.7,1.2,,vegan;vegetarian;gluten-free,14,0,1.6,"[{""unit_id"":""gram"",""weight_grams"":1},{""unit_id"":""tablespoon"",""weight_grams"":20},{""unit_id"":""teacup"",""weight_grams"":150}]"
pork-loin,Pork Loin,Свинско филе,Lonza di maiale,Longe de porc,Schweinelende,meat,meat_pork,european,143,26,0,3.5,,keto,5,0,0.9,"[{""unit_id"":""gram"",""weight_grams"":1},{""unit_id"":""kilogram"",""weight_grams"":1000},{""unit_id"":""piece"",""weight_grams"":180}]"
pork-ribs,Pork Ribs,Свински ребра,Costine di maiale,Travers de porc,Spareribs / Schweinerippchen,meat,meat_pork,global_fusion,277,15,0,24,,keto,4,0,0.8,"[{""unit_id"":""kilogram"",""weight_grams"":1000},{""unit_id"":""gram"",""weight_grams"":1},{""unit_id"":""piece"",""weight_grams"":120}]"
pork-shoulder,Pork shoulder,Свинска плешка,Spalla di maiale,Épaule de porc,Schweineschulter,meat,meat_pork,european,210,18,0,15.5,,keto;gluten-free,5,0,1.1,"[{""unit_id"":""gram"",""weight_grams"":1},{""unit_id"":""kilogram"",""weight_grams"":1000},{""unit_id"":""piece"",""weight_grams"":1200}]"
potato,Potato,Картофи,Patate,Pommes de terre,Kartoffeln,vegetables,vegetables_root,global_fusion,77,2,17.5,0.1,,vegan;gluten-free,30,0,0.1,"[{""unit_id"":""teacup"",""weight_grams"":150},{""unit_id"":""piece"",""weight_grams"":150},{""unit_id"":""gram"",""weight_grams"":1},{""unit_id"":""kilogram"",""weight_grams"":1000}]"
potato-dumplings,Potato dumplings,Кнедли (картофени),Gnocchi di patate (Knödel),Knödel de pommes de terre,Kartoffelknödel,pasta_products,grains_baked,european,135,2.8,28.5,0.7,gluten;eggs,,30,0,0.6,"[{""unit_id"":""gram"",""weight_grams"":1},{""unit_id"":""piece"",""weight_grams"":50},{""unit_id"":""portion"",""weight_grams"":200},{""unit_id"":""pack"",""weight_grams"":500}]"
powdered-sugar,Powdered sugar (Icing sugar),Пудра захар,Zucchero a velo,Sucre glace,Puderzucker,spices,flavorings,global_fusion,389,0,99.8,0,,vegan;gluten-free,730,0,0.2,"[{""unit_id"":""gram"",""weight_grams"":1},{""unit_id"":""teaspoon"",""weight_grams"":3},{""unit_id"":""tablespoon"",""weight_grams"":9},{""unit_id"":""teacup"",""weight_grams"":120},{""unit_id"":""pack"",""weight_grams"":500}]"
prosciutto,Prosciutto,Прошуто,Prosciutto crudo,Jambon cru (Prosciutto),Prosciutto / Rohschinken,meat,meat_delicacies,italian,200,28,0,10,,keto,30,0,3,"[{""unit_id"":""gram"",""weight_grams"":1},{""unit_id"":""kilogram"",""weight_grams"":1000},{""unit_id"":""slice"",""weight_grams"":15}]"
prosecco-champagne,Prosecco / Champagne,Просеко / шампанско,Prosecco / Champagne,Prosecco / Champagne,Prosecco / Champagner,drinks,alcoholic_beverages,italian,75,0.2,1.5,0,,vegan;keto;gluten-free,365,1,1.2,"[{""unit_id"":""milliliter"",""weight_grams"":1},{""unit_id"":""drop"",""weight_grams"":0.99},{""unit_id"":""teacup"",""weight_grams"":148},{""unit_id"":""pack"",""weight_grams"":742}]"
pumpkin,Pumpkin,Тиква,Zucca,Courge / Citrouille,Kürbis,vegetables,vegetables_fruit,global_fusion,26,1,6.5,0.1,,vegan,60,0,0.2,"[{""unit_id"":""teacup"",""weight_grams"":116},{""unit_id"":""gram"",""weight_grams"":1},{""unit_id"":""kilogram"",""weight_grams"":1000}]"
pumpkin-seeds,Pumpkin Seeds,Тиквени семки,Semi di zucca,Graines de courge,Kürbiskerne,nuts_and_seeds,nuts_and_seeds_nuts,global_fusion,559,30.2,10.7,49.1,,vegan;keto,180,0,0.7,"[{""unit_id"":""teacup"",""weight_grams"":130},{""unit_id"":""tablespoon"",""weight_grams"":9},{""unit_id"":""gram"",""weight_grams"":1},{""unit_id"":""handful"",""weight_grams"":23}]"
quinoa,Quinoa,Киноа,Quinoa,Quinoa,Quinoa,grains,grains_seeds,latin_american,120,4.4,21.3,1.9,,vegan;superfood;gluten-free,365,0,0.8,"[{""unit_id"":""teacup"",""weight_grams"":185},{""unit_id"":""gram"",""weight_grams"":1}]"
rabbit-meat,Rabbit Meat,Заешко месо,Carne di coniglio,Viande de lapin,Kaninchenfleisch,meat,meat_delicacies,european,173,33,0,3.5,,keto;dietary,3,0,1.2,"[{""unit_id"":""kilogram"",""weight_grams"":1000},{""unit_id"":""gram"",""weight_grams"":1},{""unit_id"":""piece"",""weight_grams"":1700}]"
radish,Radish,Ряпа,Ravanello / Rafano nero,Radis blanc / noir,Rettich,vegetables,vegetables_root,global_fusion,16,0.7,3.4,0.1,,vegan;keto,14,0,0.2,"[{""unit_id"":""teacup"",""weight_grams"":140},{""unit_id"":""piece"",""weight_grams"":220},{""unit_id"":""kilogram"",""weight_grams"":1000},{""unit_id"":""gram"",""weight_grams"":1}]"
radishes,Radishes,Репички,Ravanelli rossi,Radis ronds,Radieschen,vegetables,vegetables_root,global_fusion,16,0.7,0.1,3.4,,vegan;keto,0,0,0,"[{""unit_id"":""gram"",""weight_grams"":1},{""unit_id"":""piece"",""weight_grams"":25},{""unit_id"":""bunch"",""weight_grams"":120},{""unit_id"":""teacup"",""weight_grams"":115}]"
raisins,Raisins,Стафиди,Uvetta sultanina,Raisins secs,Rosinen,fruits,fruits_citrus,mediterranean,299,3.1,79.2,0.5,,vegan;vegetarian;gluten-free,365,0,0.8,"[{""unit_id"":""gram"",""weight_grams"":1},{""unit_id"":""tablespoon"",""weight_grams"":15},{""unit_id"":""teacup"",""weight_grams"":150},{""unit_id"":""pack"",""weight_grams"":200}]"
ramen-noodles,Ramen noodles,Рамен,Tagliolini ramen,Nouilles ramen,Ramennudeln,pasta_products,pasta,asian,380,10,70,6.5,gluten,vegan,365,0,0.55,"[{""unit_id"":""gram"",""weight_grams"":1},{""unit_id"":""portion"",""weight_grams"":80},{""unit_id"":""pack"",""weight_grams"":300}]"
raspberry,Raspberry,Малини,Lampone,Framboise,Himbeere,fruits,fruits_berries,european,52,1.2,11.9,0.6,,vegan;superfood,5,0,1.5,"[{""unit_id"":""teacup"",""weight_grams"":123},{""unit_id"":""handful"",""weight_grams"":22},{""unit_id"":""gram"",""weight_grams"":1}]"
ravioli,Ravioli,Равиоли,Ravioli,Raviolis,Ravioli,pasta_products,pasta,italian,265,9.5,41.2,6.8,gluten;eggs,,30,0,0.95,"[{""unit_id"":""gram"",""weight_grams"":1},{""unit_id"":""piece"",""weight_grams"":15},{""unit_id"":""portion"",""weight_grams"":150},{""unit_id"":""pack"",""weight_grams"":250}]"
red-bell-peppers,Red bell peppers,Червени чушки,Peperoni rossi,Poivrons rouges,Rote Paprika,vegetables,vegetables_stem,bulgarian,31,1,6,0.3,,vegan;keto;gluten-free,14,0,0.4,"[{""unit_id"":""gram"",""weight_grams"":1},{""unit_id"":""piece"",""weight_grams"":160},{""unit_id"":""teacup"",""weight_grams"":150}]"
red-kidney-beans,Red kidney beans (dry),Боб червен,Fagioli rossi kidney,Haricots rouges kidney,Rote Kidneybohnen,pulses_and_starches,pulses,mexican,333,23.6,60,0.8,,vegan;gluten-free,730,0,0.35,"[{""unit_id"":""gram"",""weight_grams"":1},{""unit_id"":""teacup"",""weight_grams"":200},{""unit_id"":""tablespoon"",""weight_grams"":15},{""unit_id"":""pack"",""weight_grams"":500}]"
red-onion,Red onion,Червен лук,Cipolla rossa,Oignon rouge,Rote Zwiebel,vegetables,vegetables_root,global_fusion,40,1.1,0.3,9.3,,vegan;keto,30,0,0.2,"[{""unit_id"":""piece"",""weight_grams"":110},{""unit_id"":""tablespoon"",""weight_grams"":10},{""unit_id"":""gram"",""weight_grams"":1}]"
red-wine,Red wine,Червено вино,Vino rosso secco,Vin rouge sec,Trockener Rotwein,drinks,alcoholic_beverages,european,85,0.1,0,2.6,,vegan;keto,120,1,1,"[{""unit_id"":""milliliter"",""weight_grams"":1},{""unit_id"":""liter"",""weight_grams"":1000},{""unit_id"":""tablespoon"",""weight_grams"":15},{""unit_id"":""teacup"",""weight_grams"":240}]"
red-wine-vinegar,Red wine vinegar,Червен винен оцет,Aceto di vino rosso,Vinaigre de vin rouge,Rotweinessig,spices,ready_made_sauces,european,19,0.1,0.3,0,,vegan;keto;gluten-free,730,1,0.4,"[{""unit_id"":""milliliter"",""weight_grams"":1},{""unit_id"":""drop"",""weight_grams"":1},{""unit_id"":""teaspoon"",""weight_grams"":5},{""unit_id"":""tablespoon"",""weight_grams"":15},{""unit_id"":""pack"",""weight_grams"":500}]"
rice,Rice,Ориз,Riso,Riz,Reis,grains,grains_rice,asian,130,2.7,28,0.3,,vegan,730,0,0.2,"[{""unit_id"":""teacup"",""weight_grams"":195},{""unit_id"":""kilogram"",""weight_grams"":1000},{""unit_id"":""gram"",""weight_grams"":1}]"
rice-vermicelli,Rice vermicelli,Оризови спагети,Vermicelli di riso,Vermicelles de riz,Reisnudeln / Reisvermicelli,pasta_products,pasta,asian,364,7,82,0.6,,vegan;gluten-free,730,0,0.45,"[{""unit_id"":""gram"",""weight_grams"":1},{""unit_id"":""portion"",""weight_grams"":75},{""unit_id"":""pack"",""weight_grams"":400}]"
rice-vinegar,Rice vinegar,Оризов оцет,Aceto di riso,Vinaigre de riz,Reisessig,spices,ready_made_sauces,asian,18,0.1,0,0,,vegan;keto;gluten-free,730,1,0.9,"[{""unit_id"":""milliliter"",""weight_grams"":1},{""unit_id"":""drop"",""weight_grams"":1},{""unit_id"":""teaspoon"",""weight_grams"":5},{""unit_id"":""tablespoon"",""weight_grams"":15},{""unit_id"":""pack"",""weight_grams"":500}]"
ricotta,Ricotta,Рикота,Ricotta fresca,Ricotta,Ricotta,dairy,dairy_cheese,italian,174,11.3,3,13,dairy,vegan;keto,14,0,0.6,"[{""unit_id"":""tablespoon"",""weight_grams"":15},{""unit_id"":""teacup"",""weight_grams"":246},{""unit_id"":""gram"",""weight_grams"":1},{""unit_id"":""piece"",""weight_grams"":250}]"
rigatoni,Rigatoni,Ригатони,Rigatoni,Rigatoni,Rigatoni,pasta_products,pasta,italian,358,12,73,1.5,gluten,vegan,730,0,0.38,"[{""unit_id"":""gram"",""weight_grams"":1},{""unit_id"":""portion"",""weight_grams"":85},{""unit_id"":""teacup"",""weight_grams"":95},{""unit_id"":""pack"",""weight_grams"":500}]"
rolled-oats,Rolled oats,Овес,Fiocchi d'avena laminati,Flocons d'avoine,Haferflocken,grains,grains_whole,global_fusion,379,13.2,67.7,6.5,gluten,vegan,365,0,0.25,"[{""unit_id"":""gram"",""weight_grams"":1},{""unit_id"":""teacup"",""weight_grams"":190},{""unit_id"":""tablespoon"",""weight_grams"":10},{""unit_id"":""pack"",""weight_grams"":500}]"
romaine-lettuce,Romaine lettuce,Салата Романа,Lattuga romana,Laitue romaine,Römersalat,vegetables,vegetables_leafy,european,17,1.2,0.3,3.3,,vegan;keto,10,0,0.3,"[{""unit_id"":""pack"",""weight_grams"":300},{""unit_id"":""teacup"",""weight_grams"":50},{""unit_id"":""gram"",""weight_grams"":1}]"
rosemary,Rosemary,Розмарин,Rosmarino fresco,Romarin frais,Frischer Rosmarin,spices,spices_herbs,european,131,3.3,5.9,20.7,,vegan;keto;superfood,30,0,2,"[{""unit_id"":""teaspoon"",""weight_grams"":2},{""unit_id"":""tablespoon"",""weight_grams"":6},{""unit_id"":""gram"",""weight_grams"":1},{""unit_id"":""piece"",""weight_grams"":2}]"
rye-flour,Rye Flour,Ръжено брашно,Farina di segale,Farine de seigle,Roggenmehl,grains,grains_flour,european,338,10.3,70.7,1.6,gluten,vegan,180,0,0.2,"[{""unit_id"":""tablespoon"",""weight_grams"":8},{""unit_id"":""teacup"",""weight_grams"":128},{""unit_id"":""gram"",""weight_grams"":1},{""unit_id"":""kilogram"",""weight_grams"":1000}]"
saffron,Saffron,Шафран,Zafferano,Safran,Safran,spices,spices_basic,asian,310,11.4,65.4,5.8,,vegan;superfood,730,0,300,"[{""unit_id"":""teaspoon"",""weight_grams"":0.7},{""unit_id"":""gram"",""weight_grams"":1}]"
salmon,Salmon,Сьомга,Salmone fresco,Saumon frais,Lachs,seafood,seafood_fish,nordic,208,20,0,13,fish,keto,3,0,2,"[{""unit_id"":""piece"",""weight_grams"":200},{""unit_id"":""kilogram"",""weight_grams"":1000},{""unit_id"":""gram"",""weight_grams"":1}]"
salt,Salt,Сол,Sale fino,Sel fin,Salz,spices,spices_basic,global_fusion,0,0,0,0,,vegan;keto;gluten-free,3650,0,0.05,"[{""unit_id"":""teaspoon"",""weight_grams"":6},{""unit_id"":""tablespoon"",""weight_grams"":18},{""unit_id"":""gram"",""weight_grams"":1},{""unit_id"":""pinch"",""weight_grams"":0.6},{""unit_id"":""kilogram"",""weight_grams"":1000}]"
sardines,Sardines,Сардини,Sardine fresche,Sardines fraîches,Sardinen,seafood,seafood_fish,mediterranean,208,24.6,0,11.5,fish,keto;omega-3,2,0,0.7,"[{""unit_id"":""gram"",""weight_grams"":1},{""unit_id"":""piece"",""weight_grams"":150},{""unit_id"":""kilogram"",""weight_grams"":1000}]"
sausage,Sausage,Наденица,Salsiccia fresca,Saucisse,Bratwurst / Wurst,meat,meat_delicacies,european,346,14,2,31,,keto,10,0,0.9,"[{""unit_id"":""piece"",""weight_grams"":120},{""unit_id"":""kilogram"",""weight_grams"":1000},{""unit_id"":""piece"",""weight_grams"":130}]"
scallions,Scallions,Пресен лук,Cipollotti freschi,Cébettes / Oignons nouveaux,Frühlingszwiebeln,vegetables,vegetables_leafy,european,32,1.8,0.2,7.3,,vegan;keto,14,0,0.4,"[{""unit_id"":""bunch"",""weight_grams"":15},{""unit_id"":""teacup"",""weight_grams"":90},{""unit_id"":""gram"",""weight_grams"":1}]"
scallops,Scallops,Миди Сен Жак,Capesante,Coquilles Saint-Jacques,Jakobsmuscheln,seafood,seafood_molluscs,western_european,69,12,3.2,0.5,shellfish,pescatarian,2,0,4,"[{""unit_id"":""piece"",""weight_grams"":30},{""unit_id"":""gram"",""weight_grams"":1},{""unit_id"":""kilogram"",""weight_grams"":1000}]"
sea-bass,Sea Bass,Лаврак,Spigola / Branzino,Bar / Loup de mer,Seebarsch / Wolfsbarsch,seafood,seafood_fish,mediterranean,97,18,0,2,fish,keto,3,0,2.2,"[{""unit_id"":""piece"",""weight_grams"":350},{""unit_id"":""kilogram"",""weight_grams"":1000},{""unit_id"":""gram"",""weight_grams"":1}]"
sesame-oil,Sesame Oil,Сусамово олио,Olio di sesamo,Huile de sésame,Sesamöl,fats,fats_plant,global_fusion,884,0,0,100,sesame,vegan;keto,365,1,2,"[{""unit_id"":""tablespoon"",""weight_grams"":14},{""unit_id"":""milliliter"",""weight_grams"":1},{""unit_id"":""teacup"",""weight_grams"":230}]"
sesame-seeds,Sesame Seeds,Сусамово семе,Semi di sesamo,Graines de sésame,Sesamsamen,nuts_and_seeds,nuts_and_seeds_seeds,global_fusion,573,17.7,23.4,49.7,sesame,vegan;keto,365,0,1,"[{""unit_id"":""tablespoon"",""weight_grams"":9},{""unit_id"":""teacup"",""weight_grams"":135},{""unit_id"":""gram"",""weight_grams"":1}]"
shrimp,Shrimp,Скариди,Gamberi,Crevettes,Garnelen,seafood,seafood_crustaceans,mediterranean,99,24,0.2,0.3,shellfish,keto;high-protein,3,0,2.5,"[{""unit_id"":""piece"",""weight_grams"":20},{""unit_id"":""kilogram"",""weight_grams"":1000},{""unit_id"":""gram"",""weight_grams"":1}]"
simple-syrup,Simple syrup (Sugar syrup),Захарен сироп (Simple syrup),Sciroppo di zucchero semplice,Sirop de sucre simple,Zuckersirup,sweeteners,sugars,european,260,0,65,0,,vegan;gluten-free,180,1,0.4,"[{""unit_id"":""milliliter"",""weight_grams"":1},{""unit_id"":""drop"",""weight_grams"":1.3},{""unit_id"":""teaspoon"",""weight_grams"":6.5},{""unit_id"":""tablespoon"",""weight_grams"":20},{""unit_id"":""pack"",""weight_grams"":750}]"
smoked-paprika,Smoked paprika,Пушен червен пипер,Paprika affumicata (Pimentón),Paprika fumé,Geräuchertes Paprikapulver,spices,spices_herbs,european,282,14.1,54,12.9,,vegan;keto;gluten-free,730,0,2.5,"[{""unit_id"":""gram"",""weight_grams"":1},{""unit_id"":""pinch"",""weight_grams"":0.5},{""unit_id"":""teaspoon"",""weight_grams"":2.3},{""unit_id"":""tablespoon"",""weight_grams"":6.9},{""unit_id"":""pack"",""weight_grams"":50}]"
smoked-salmon,Smoked salmon,Пушена сьомга,Salmone affumicato,Saumon fumé,Räucherlachs,seafood,seafood_fish,mediterranean,117,18.3,4.3,0,fish,keto;high-protein;gluten-free,30,0,1.5,"[{""unit_id"":""slice"",""weight_grams"":30},{""unit_id"":""teacup"",""weight_grams"":120},{""unit_id"":""gram"",""weight_grams"":1}]"
soba-noodles,Soba noodles,Соба (от елда),Spaghetti di grano saraceno soba,Nouilles de sarrasin soba,Sobanudeln,pasta_products,pasta,asian,340,14,68,1.2,gluten,vegan,365,0,0.85,"[{""unit_id"":""gram"",""weight_grams"":1},{""unit_id"":""portion"",""weight_grams"":90},{""unit_id"":""pack"",""weight_grams"":300}]"
sour-cream,Sour cream,Заквасена сметана,Panna acida,Crème aigre / Crème fraîche,Sauerrahm / Schmand,dairy,dairy_cream,european,198,2.4,19.4,4.6,milk,keto,30,0,0.5,"[{""unit_id"":""gram"",""weight_grams"":1},{""unit_id"":""tablespoon"",""weight_grams"":8}]"
soy-milk,Soy milk,Соево мляко,Latte di soia,Lait de soja,Sojamilch,drinks,juices,global_fusion,43,3.3,3.6,1.8,soy,vegan;gluten-free,365,1,0.2,"[{""unit_id"":""milliliter"",""weight_grams"":1},{""unit_id"":""tablespoon"",""weight_grams"":15},{""unit_id"":""teacup"",""weight_grams"":240},{""unit_id"":""pack"",""weight_grams"":1000}]"
soy-sauce,Soy sauce,Соев сос,Salsa di soia,Sauce soja,Sojasauce,spices,ready_made_sauces,asian,53,8.1,0.6,4.9,soy;wheat,vegan;keto,180,1,0.5,"[{""unit_id"":""milliliter"",""weight_grams"":1},{""unit_id"":""teaspoon"",""weight_grams"":5},{""unit_id"":""tablespoon"",""weight_grams"":16},{""unit_id"":""pack"",""weight_grams"":250}]"
spaghetti,Spaghetti,Спагети,Spaghetti,Spaghetti,Spaghetti,pasta_products,pasta,italian,358,12,1.5,73,gluten,vegan,120,0,0.5,"[{""unit_id"":""gram"",""weight_grams"":1},{""unit_id"":""pack"",""weight_grams"":500}]"
spelt,Spelt,Спелта,Farro spelta,Épeautre,Dinkel,grains,grains_whole,european,338,14.6,70.2,2.4,gluten,vegan,365,0,0.45,"[{""unit_id"":""gram"",""weight_grams"":1},{""unit_id"":""teacup"",""weight_grams"":190},{""unit_id"":""tablespoon"",""weight_grams"":15},{""unit_id"":""pack"",""weight_grams"":500}]"
spinach,Spinach,Спанак,Spinaci freschi,Épinards frais,Frischer Blattspinat,vegetables,vegetables_leafy,global_fusion,23,2.9,3.6,0.4,,vegan;superfood,5,0,0.6,"[{""unit_id"":""teacup"",""weight_grams"":30},{""unit_id"":""gram"",""weight_grams"":1},{""unit_id"":""kilogram"",""weight_grams"":1000}]"
sprats,Sprats (European sprat),Цаца,Ciprine (spratti),Sprats,Sprotten,seafood,seafood_fish,bulgarian,157,16.7,0,10.1,fish,gluten-free;keto;high-protein;omega-3,3,0,0.65,"[{""unit_id"":""gram"",""weight_grams"":1},{""unit_id"":""portion"",""weight_grams"":150},{""unit_id"":""pack"",""weight_grams"":500}]"
squid,Squid,Калмари,Calamari,Calamars / Encornets,Tintenfisch / Calamari,seafood,seafood_molluscs,mediterranean,92,15.6,3.1,1.4,shellfish,pescatarian,2,0,1.5,"[{""unit_id"":""piece"",""weight_grams"":100},{""unit_id"":""gram"",""weight_grams"":1},{""unit_id"":""kilogram"",""weight_grams"":1000}]"
star-anise,Star anise,Звездовиден анасон,Anice stellato,Anis étoilé / Badiane,Sternanis,spices,flavorings,mediterranean,337,17.6,50,15.9,,vegan;keto;gluten-free,1095,0,4.2,"[{""unit_id"":""gram"",""weight_grams"":1},{""unit_id"":""piece"",""weight_grams"":1.5},{""unit_id"":""pack"",""weight_grams"":30}]"
stinging-nettle,Stinging nettle,Коприва,Ortica fresca,Ortie fraîche,Frische Brennnessel,vegetables,vegetables_leafy,bulgarian,42,2.7,0.1,7.5,,vegan;keto;gluten-free;superfood,0,0,0.3,"[{""unit_id"":""teacup"",""weight_grams"":40},{""unit_id"":""bunch"",""weight_grams"":150},{""unit_id"":""gram"",""weight_grams"":1}]"
strawberry,Strawberry,Ягоди,Fragola,Fraise,Erdbeere,fruits,fruits_berries,european,32,0.7,7.7,0.3,,vegan,5,0,0.8,"[{""unit_id"":""handful"",""weight_grams"":20},{""unit_id"":""teacup"",""weight_grams"":144},{""unit_id"":""gram"",""weight_grams"":1}]"
sugar,Sugar,Бяла захар,Zucchero semolato,Sucre blanc,Weißer Zucker,sweeteners,sugars,global_fusion,387,0,99,0,,vegan;vegetarian;gluten-free,1095,0,0.15,"[{""unit_id"":""gram"",""weight_grams"":1},{""unit_id"":""kilogram"",""weight_grams"":1000},{""unit_id"":""teacup"",""weight_grams"":200},{""unit_id"":""teaspoon"",""weight_grams"":4},{""unit_id"":""tablespoon"",""weight_grams"":9}]"
sunflower-oil,Sunflower Oil,Олио слънчогледово,Olio di semi di girasole,Huile de tournesol,Sonnenblumenöl,fats,fats_plant,global_fusion,884,0,0,100,,vegan;keto,365,1,0.3,"[{""unit_id"":""tablespoon"",""weight_grams"":14},{""unit_id"":""teacup"",""weight_grams"":218},{""unit_id"":""milliliter"",""weight_grams"":1}]"
sunflower-seeds,Sunflower Seeds,Слънчогледови семки,Semi di girasole,Graines de tournesol,Sonnenblumenkerne,nuts_and_seeds,nuts_and_seeds_nuts,global_fusion,584,20.8,20,51.5,,vegan;keto,180,0,0.5,"[{""unit_id"":""teacup"",""weight_grams"":140},{""unit_id"":""tablespoon"",""weight_grams"":10},{""unit_id"":""gram"",""weight_grams"":1},{""unit_id"":""handful"",""weight_grams"":23}]"
sweet-corn,Sweet corn,Царевица млечна,Mais dolce,Maïs doux,Zuckermais,grains,grains_whole,global_fusion,86,3.2,1.2,19,,vegan;gluten-free,30,0,0.2,"[{""unit_id"":""teacup"",""weight_grams"":55},{""unit_id"":""piece"",""weight_grams"":150},{""unit_id"":""gram"",""weight_grams"":1}]"
sweet-potato,Sweet Potato,Сладък картоф,Patata dolce,Patate douce,Süßkartoffel,vegetables,vegetables_root,global_fusion,86,1.6,20.1,0.1,,vegan,30,0,0.4,"[{""unit_id"":""piece"",""weight_grams"":200},{""unit_id"":""teacup"",""weight_grams"":200},{""unit_id"":""kilogram"",""weight_grams"":1000},{""unit_id"":""gram"",""weight_grams"":1}]"
sweet-red-vermouth,Sweet red vermouth,Сладък (червен) вермут,Vermouth rosso dolce,Vermouth rouge doux,Süßer roter Wermut,drinks,alcoholic_beverages,italian,158,0.1,14.5,0,,vegan;gluten-free,180,1,1.1,"[{""unit_id"":""milliliter"",""weight_grams"":1},{""unit_id"":""drop"",""weight_grams"":1.02},{""unit_id"":""tablespoon"",""weight_grams"":30.6},{""unit_id"":""pack"",""weight_grams"":765}]"
tagliatelle,Tagliatelle,Талиатели,Tagliatelle,Tagliatelles,Tagliatelle,pasta_products,pasta,italian,366,13,2.2,71,gluten;eggs,,120,0,0.5,"[{""unit_id"":""nest"",""weight_grams"":25},{""unit_id"":""pack"",""weight_grams"":500},{""unit_id"":""gram"",""weight_grams"":1}]"
tequila,Tequila,Текила,Tequila,Tequila,Tequila,drinks,alcoholic_beverages,mexican,231,0,0,0,,vegan;keto;gluten-free,1825,1,2.3,"[{""unit_id"":""milliliter"",""weight_grams"":1},{""unit_id"":""drop"",""weight_grams"":0.95},{""unit_id"":""teaspoon"",""weight_grams"":28.5},{""unit_id"":""pack"",""weight_grams"":665}]"
thyme,Thyme,Мащерка,Timo fresco,Thym frais,Frischer Thymian,spices,spices_herbs,european,101,5.6,1.7,24.4,,vegan;keto;superfood,0,0,0,"[{""unit_id"":""teaspoon"",""weight_grams"":1},{""unit_id"":""tablespoon"",""weight_grams"":4},{""unit_id"":""gram"",""weight_grams"":1},{""unit_id"":""piece"",""weight_grams"":1}]"
tomato,Tomato,Домати,Pomodori,Tomates,Tomaten,vegetables,vegetables_fruit,global_fusion,18,0.9,3.9,0.2,,vegan,7,0,0.3,"[{""unit_id"":""piece"",""weight_grams"":120},{""unit_id"":""teacup"",""weight_grams"":150},{""unit_id"":""gram"",""weight_grams"":1},{""unit_id"":""kilogram"",""weight_grams"":1000}]"
tomato-juice,Tomato juice (100%),Доматен сок,Succo di pomodoro,Jus de tomate,Tomatensaft,drinks,juices,european,17,0.8,3.5,0.1,,vegan;keto;gluten-free,180,1,0.2,"[{""unit_id"":""milliliter"",""weight_grams"":1},{""unit_id"":""teacup"",""weight_grams"":240},{""unit_id"":""pack"",""weight_grams"":1000}]"
tomato-puree,Tomato puree,Доматено пюре,Passata di pomodoro,Coulis de tomate / Purée,Passierte Tomaten,spices,ready_made_sauces,american,82,4.3,0.5,19,,vegan;keto,60,1,0.4,"[{""unit_id"":""tablespoon"",""weight_grams"":16},{""unit_id"":""teaspoon"",""weight_grams"":5},{""unit_id"":""teacup"",""weight_grams"":260},{""unit_id"":""milliliter"",""weight_grams"":1}]"
tonic-water,Tonic water,Тоник,Acqua tonica,Eau tonique,Tonic Water,drinks,carbonated,global_fusion,34,0,8.5,0,,vegan;gluten-free,365,1,0.18,"[{""unit_id"":""milliliter"",""weight_grams"":1},{""unit_id"":""drop"",""weight_grams"":1},{""unit_id"":""teacup"",""weight_grams"":240},{""unit_id"":""pack"",""weight_grams"":1000}]"
tortellini,Tortellini,Тортелини,Tortellini,Tortellini,Tortellini,pasta_products,pasta,italian,290,11.2,46.5,6.2,gluten;eggs,,60,0,0.9,"[{""unit_id"":""gram"",""weight_grams"":1},{""unit_id"":""piece"",""weight_grams"":5},{""unit_id"":""portion"",""weight_grams"":125},{""unit_id"":""pack"",""weight_grams"":250}]"
triple-sec-cointreau,Triple Sec / Cointreau,Трипъл сек / Коантро (портокалов ликьор),Triple Sec / Cointreau,Triple Sec / Cointreau,Triple Sec / Cointreau,drinks,alcoholic_beverages,french,315,0,30,0,,vegan;gluten-free,1095,1,2.5,"[{""unit_id"":""milliliter"",""weight_grams"":1},{""unit_id"":""drop"",""weight_grams"":1.05},{""unit_id"":""teaspoon"",""weight_grams"":31.5},{""unit_id"":""pack"",""weight_grams"":735}]"
trout,Trout,Пъстърва,Trota,Truite,Forelle,seafood,seafood_fish,european,141,20,0,6,fish,keto;pescatarian,3,0,1.8,"[{""unit_id"":""piece"",""weight_grams"":280},{""unit_id"":""kilogram"",""weight_grams"":1000},{""unit_id"":""gram"",""weight_grams"":1}]"
tuna,Tuna,Риба Тон,Tonno,Thon,Thunfisch,seafood,seafood_fish,mediterranean,132,28,0,1.3,fish,keto;high-protein;pescatarian,300,0,1.5,"[{""unit_id"":""pack"",""weight_grams"":220},{""unit_id"":""kilogram"",""weight_grams"":1000},{""unit_id"":""gram"",""weight_grams"":1}]"
turkey-breast,Turkey Breast,Пуешко филе,Fesa di tacchino,Filet de dinde,Putenbrust,meat,meat_poultry,european,114,24,0,1.5,,keto;high-protein,5,0,1,"[{""unit_id"":""kilogram"",""weight_grams"":1000},{""unit_id"":""gram"",""weight_grams"":1},{""unit_id"":""piece"",""weight_grams"":500}]"
turmeric,Turmeric,Куркума,Curcuma in polvere,Curcuma moulu,Kurkuma,spices,spices_ground,asian,312,9.7,67.1,3.3,,vegan;keto;superfood,730,0,2,"[{""unit_id"":""teaspoon"",""weight_grams"":3},{""unit_id"":""tablespoon"",""weight_grams"":9},{""unit_id"":""gram"",""weight_grams"":1}]"
udon-noodles,Udon noodles,Удон,Tagliolini udon giapponesi,Nouilles udon,Udonnudeln,pasta_products,pasta,asian,330,8.5,71,0.8,gluten,vegan,365,0,0.6,"[{""unit_id"":""gram"",""weight_grams"":1},{""unit_id"":""portion"",""weight_grams"":90},{""unit_id"":""pack"",""weight_grams"":300}]"
vanilla-extract,Vanilla extract,Екстракт от ванилия,Estratto naturale di vaniglia,Extrait naturel de vanille,Vanilleextrakt,spices,flavorings,asian,288,0.1,12.7,0.1,,vegan;keto;gluten-free,1460,1,9,"[{""unit_id"":""milliliter"",""weight_grams"":1},{""unit_id"":""drop"",""weight_grams"":0.05},{""unit_id"":""teaspoon"",""weight_grams"":4.2},{""unit_id"":""pack"",""weight_grams"":50}]"
vanilla-powder,Vanilla powder (Vanillin sugar),Ванилия,Vanillina / Vaniglia in polvere,Sucre vanillé / Vanille en poudre,Vanillezucker / Vanillepulver,spices,flavorings,asian,390,0.1,97.5,0,,vegan;gluten-free,730,0,5,"[{""unit_id"":""gram"",""weight_grams"":1},{""unit_id"":""teaspoon"",""weight_grams"":3},{""unit_id"":""pack"",""weight_grams"":2}]"
vanilla-syrup,Vanilla syrup,Ванилов сироп,Sciroppo di vaniglia,Sirop de vanille,Vanillesirup,spices,flavorings,asian,260,0,65,0,,vegan;gluten-free,365,1,1.1,"[{""unit_id"":""milliliter"",""weight_grams"":1},{""unit_id"":""drop"",""weight_grams"":1.3},{""unit_id"":""teaspoon"",""weight_grams"":6.5},{""unit_id"":""tablespoon"",""weight_grams"":20},{""unit_id"":""pack"",""weight_grams"":700}]"
veal,Veal,Телешко месо,Carne di vitello,Viande de veau,Kalbfleisch,meat,meat_beef,european,250,26,0,15,,keto;superfood,5,0,1,"[{""unit_id"":""gram"",""weight_grams"":1},{""unit_id"":""kilogram"",""weight_grams"":1000}]"
vegetable-broth-liquid,Vegetable broth (liquid),Зеленчуков бульон (течен),Brodo vegetale,Bouillon de légumes,Gemüsebrühe,spices,broths_and_bases,european,4,0.2,0.1,0.6,,vegan;keto;gluten-free,10,1,0.2,"[{""unit_id"":""milliliter"",""weight_grams"":1},{""unit_id"":""teacup"",""weight_grams"":240}]"
vodka,Vodka,Водка,Vodka,Vodka,Wodka,drinks,alcoholic_beverages,global_fusion,231,0,0,0,,vegan;keto;gluten-free,1825,1,1.5,"[{""unit_id"":""milliliter"",""weight_grams"":1},{""unit_id"":""drop"",""weight_grams"":0.95},{""unit_id"":""tablespoon"",""weight_grams"":28.5},{""unit_id"":""liter"",""weight_grams"":1000}]"
walnuts,Walnuts,Орехи (Ядки),Noci sgusciate,Cerneaux de noix,Walnüsse,nuts_and_seeds,nuts_and_seeds_nuts,european,654,15.2,13.7,65.2,nuts,vegan;keto,180,0,1.8,"[{""unit_id"":""teacup"",""weight_grams"":145},{""unit_id"":""gram"",""weight_grams"":1},{""unit_id"":""tablespoon"",""weight_grams"":8},{""unit_id"":""handful"",""weight_grams"":23}]"
water,Water,Вода,Acqua,Eau,Wasser,drinks,water,global_fusion,0,0,0,0,,vegan;keto;gluten-free,360,1,0.01,"[{""unit_id"":""milliliter"",""weight_grams"":1},{""unit_id"":""teacup"",""weight_grams"":250},{""unit_id"":""tablespoon"",""weight_grams"":15.2}]"
watermelon,Watermelon,Диня,Anguria,Pastèque,Wassermelone,fruits,fruits_berries,european,30,0.6,7.6,0.2,,vegan,10,0,0.15,"[{""unit_id"":""slice"",""weight_grams"":152},{""unit_id"":""piece"",""weight_grams"":3000},{""unit_id"":""kilogram"",""weight_grams"":1000},{""unit_id"":""gram"",""weight_grams"":1}]"
wheat-flour,Wheat Flour,Брашно пшенично,Farina di frumento tipo 00,Farine de blé,Weizenmehl,grains,grains_flour,european,364,10,76,1,gluten,vegan,365,0,0.1,"[{""unit_id"":""teacup"",""weight_grams"":125},{""unit_id"":""tablespoon"",""weight_grams"":8},{""unit_id"":""gram"",""weight_grams"":1},{""unit_id"":""kilogram"",""weight_grams"":1000}]"
whiskey-bourbon,Whiskey / Bourbon,Уиски / бърбън,Bourbon whiskey,Whiskey Bourbon,Bourbon-Whiskey,drinks,alcoholic_beverages,american,250,0,0.1,0,,vegan;keto;gluten-free,1825,1,2.4,"[{""unit_id"":""milliliter"",""weight_grams"":1},{""unit_id"":""drop"",""weight_grams"":0.94},{""unit_id"":""tablespoon"",""weight_grams"":28.2},{""unit_id"":""pack"",""weight_grams"":700}]"
white-beans,White beans (dry),Боб бял,Fagioli bianchi,Haricots blancs,Weiße Bohnen,pulses_and_starches,pulses,bulgarian,337,22.3,60.8,1.5,,vegan;gluten-free,730,0,0.3,"[{""unit_id"":""gram"",""weight_grams"":1},{""unit_id"":""teacup"",""weight_grams"":200},{""unit_id"":""tablespoon"",""weight_grams"":15},{""unit_id"":""pack"",""weight_grams"":1000}]"
white-rum,White rum,Светъл ром,Rum bianco,Rhum blanc,Weißer Rum,drinks,alcoholic_beverages,latin_american,231,0,0,0,,vegan;keto;gluten-free,1825,1,1.7,"[{""unit_id"":""milliliter"",""weight_grams"":1},{""unit_id"":""drop"",""weight_grams"":0.95},{""unit_id"":""teaspoon"",""weight_grams"":28.5},{""unit_id"":""pack"",""weight_grams"":665}]"
white-wine,White wine,Бяло вино,Vino bianco,Vin blanc,Weißwein,drinks,alcoholic_beverages,global_fusion,82,0.1,0,2.6,,vegan;keto,120,1,1,"[{""unit_id"":""milliliter"",""weight_grams"":1},{""unit_id"":""liter"",""weight_grams"":1000},{""unit_id"":""tablespoon"",""weight_grams"":15},{""unit_id"":""teacup"",""weight_grams"":240}]"
whole-chicken,Whole chicken (raw),Цяло пиле,Pollo intero,Poulet entier,Ganzes Hähnchen,meat,meat_poultry,global_fusion,215,18.2,0,15.3,,keto;gluten-free,4,0,0.45,"[{""unit_id"":""gram"",""weight_grams"":1},{""unit_id"":""portion"",""weight_grams"":250},{""unit_id"":""piece"",""weight_grams"":1500}]"
whole-cloves,Whole cloves,Карамфил,Chiodi di garofano interi,Clous de girofle entiers,Ganze Gewürznelken,spices,flavorings,asian,274,6,65.5,13,,vegan;keto;gluten-free,1095,0,3,"[{""unit_id"":""gram"",""weight_grams"":1},{""unit_id"":""piece"",""weight_grams"":0.1},{""unit_id"":""teaspoon"",""weight_grams"":2.1},{""unit_id"":""pack"",""weight_grams"":20}]"
whole-turkey,Whole turkey,Цяла пуйка,Tacchino intero,Dinde entière,Ganze Pute / Truthahn,meat,meat_poultry,european,189,28.5,0,7.4,,keto;gluten-free;high-protein,5,0,1.2,"[{""unit_id"":""gram"",""weight_grams"":1},{""unit_id"":""kilogram"",""weight_grams"":1000},{""unit_id"":""piece"",""weight_grams"":3500}]"
yogurt,Yogurt,Кисело мляко,Yogurt bianco,Yaourt nature,Naturjoghurt,dairy,dairy_milk,balkan,59,3.6,4.7,3.3,dairy,vegan,14,0,0.25,"[{""unit_id"":""teacup"",""weight_grams"":245},{""unit_id"":""tablespoon"",""weight_grams"":18},{""unit_id"":""milliliter"",""weight_grams"":1}]"
yogurt-garlic-sauce,Yogurt garlic sauce,Млечно-чеснов сос,Salsa allo yogurt e aglio,Sauce au yaourt et à l'ail,Knoblauch-Joghurt-Sauce,spices,ready_made_sauces,american,135,3.1,11.5,4.8,milk;eggs,keto;gluten-free,90,1,0.99,"[{""unit_id"":""milliliter"",""weight_grams"":1},{""unit_id"":""teaspoon"",""weight_grams"":5},{""unit_id"":""tablespoon"",""weight_grams"":15},{""unit_id"":""teacup"",""weight_grams"":240}]"
zucchini,Zucchini,Тиквички,Zucchine,Courgettes,Zucchini,vegetables,vegetables_fruit,mediterranean,17,1.2,3.1,0.3,,vegan,7,0,0.25,"[{""unit_id"":""piece"",""weight_grams"":200},{""unit_id"":""teacup"",""weight_grams"":125},{""unit_id"":""gram"",""weight_grams"":1},{""unit_id"":""kilogram"",""weight_grams"":1000}]"
"pork-liver","pork-liver","Pork liver","Свински черен дроб","Fegato di maiale","Foie de porc","Schweineleber","meat","meat_pork","balkan","134","21.3","2.5","3.7","0.5","EUR","","keto;high-protein","2","false","[{""unit_id"":""gram"",""weight_grams"":1},{""unit_id"":""piece"",""weight_grams"":150}]"
"calf-brain","calf-brain","Calf brain","Телешки мозък","Cervello di vitello","Cervelle de veau","Kalbshirn","meat","meat_beef","european","120","10.5","0","8.6","0.8","EUR","","keto","2","false","[{""unit_id"":""gram"",""weight_grams"":1},{""unit_id"":""piece"",""weight_grams"":200}]"
"crayfish-tails","crayfish-tails","Crayfish tails","Опашки от раци","Code di gambero di fiume","Queues d'écrevisses","Flusskrebsschwänze","seafood","seafood_crustaceans","european_nordic","82","17.5","0","1.1","2.2","EUR","crustaceans","pescatarian;high-protein","2","false","[{""unit_id"":""gram"",""weight_grams"":1},{""unit_id"":""piece"",""weight_grams"":15}]"